OLI,FK20 8SB
H&L,G63 0JU
H&L,G63 0JX
H&L,G82 5BT
H&L,G82 5BU
H&L,G82 5DH
H&L,G82 5EN
H&L,G82 5EP
H&L,G82 5ER
H&L,G82 5ES
H&L,G82 5ET
H&L,G82 5EW
H&L,G82 5EY
H&L,G82 5EZ
H&L,G82 5HB
H&L,G82 5HD
H&L,G82 5HE
H&L,G82 5HF
H&L,G82 5HG
H&L,G82 5HH
H&L,G82 5HL
H&L,G82 5HN
H&L,G82 5HQ
H&L,G82 5HW
H&L,G82 5JH
H&L,G82 5JJ
H&L,G82 5JL
H&L,G82 5JQ
H&L,G82 5JU
H&L,G82 5JW
H&L,G82 5JX
H&L,G82 5JY
H&L,G82 5JZ
H&L,G82 5LA
H&L,G82 5LB
H&L,G82 5LD
H&L,G82 5LE
H&L,G82 5LF
H&L,G82 5LG
H&L,G82 5LH
H&L,G82 5LJ
H&L,G82 5LL
H&L,G82 5LN
H&L,G82 5LP
H&L,G82 5LQ
H&L,G82 5LR
H&L,G82 5LS
H&L,G82 5LT
H&L,G82 5LU
H&L,G82 5LW
H&L,G82 5LX
H&L,G82 5LY
H&L,G82 5NA
H&L,G82 5NB
H&L,G82 5ND
H&L,G82 5NG
H&L,G82 5NJ
H&L,G82 5NL
H&L,G82 5NR
H&L,G82 5NS
H&L,G82 5NT
H&L,G82 5NU
H&L,G82 5NW
H&L,G82 5NY
H&L,G82 5NZ
H&L,G82 5PA
H&L,G82 5PB
H&L,G82 5PD
H&L,G82 5PE
H&L,G82 5PF
H&L,G82 5PG
H&L,G82 5PH
H&L,G82 5PJ
H&L,G82 5PL
H&L,G82 5PN
H&L,G82 5PP
H&L,G82 5PQ
H&L,G82 5PR
H&L,G82 5PS
H&L,G82 5PT
H&L,G82 5PU
H&L,G82 5PW
H&L,G82 5PX
H&L,G82 5PY
H&L,G82 5PZ
H&L,G82 5QA
H&L,G82 5QB
H&L,G82 5QD
H&L,G82 5QE
H&L,G82 5QF
H&L,G82 5QG
H&L,G82 5QH
H&L,G82 5QJ
H&L,G82 5QL
H&L,G82 5QN
H&L,G83 7AA
H&L,G83 7AB
H&L,G83 7AD
H&L,G83 7AE
H&L,G83 7AF
H&L,G83 7AG
H&L,G83 7AH
H&L,G83 7AJ
H&L,G83 7AL
H&L,G83 7AN
H&L,G83 7AP
H&L,G83 7AQ
H&L,G83 7AR
H&L,G83 7AS
H&L,G83 7AW
H&L,G83 7AY
H&L,G83 7BD
H&L,G83 7BE
H&L,G83 7BG
H&L,G83 7DA
H&L,G83 7DB
H&L,G83 7DD
H&L,G83 7DE
H&L,G83 7DF
H&L,G83 7DG
H&L,G83 7DH
H&L,G83 7DL
H&L,G83 7DN
H&L,G83 7DP
H&L,G83 7DQ
H&L,G83 7DS
H&L,G83 7DT
H&L,G83 7DW
H&L,G83 7DXB
H&L,G83 7EB
H&L,G83 7ED
H&L,G83 8EE
H&L,G83 8NT
H&L,G83 8NU
H&L,G83 8NX
H&L,G83 8NY
H&L,G83 8NZ
H&L,G83 8PA
H&L,G83 8PB
H&L,G83 8PD
H&L,G83 8PF
H&L,G83 8PG
H&L,G83 8QZA
H&L,G83 8RB
H&L,G83 8RD
H&L,G83 8RE
H&L,G83 8RF
H&L,G83 8RG
H&L,G83 8RH
H&L,G83 8RQ
H&L,G83 8TU
H&L,G84 0AA
H&L,G84 0AB
H&L,G84 0AD
H&L,G84 0AE
H&L,G84 0AH
H&L,G84 0AJ
H&L,G84 0AL
H&L,G84 0AN
H&L,G84 0AP
H&L,G84 0AQ
H&L,G84 0AR
H&L,G84 0AS
H&L,G84 0AT
H&L,G84 0AU
H&L,G84 0AW
H&L,G84 0AX
H&L,G84 0AY
H&L,G84 0AZ
H&L,G84 0BA
H&L,G84 0BB
H&L,G84 0BD
H&L,G84 0BE
H&L,G84 0BG
H&L,G84 0BH
H&L,G84 0BJ
H&L,G84 0BL
H&L,G84 0BN
H&L,G84 0BP
H&L,G84 0BQ
H&L,G84 0BS
H&L,G84 0BT
H&L,G84 0BW
H&L,G84 0BZ
H&L,G84 0DA
H&L,G84 0DB
H&L,G84 0DE
H&L,G84 0DF
H&L,G84 0DG
H&L,G84 0DH
H&L,G84 0DJ
H&L,G84 0DL
H&L,G84 0DN
H&L,G84 0DP
H&L,G84 0DQ
H&L,G84 0DR
H&L,G84 0DS
H&L,G84 0DT
H&L,G84 0DU
H&L,G84 0DW
H&L,G84 0DX
H&L,G84 0DY
H&L,G84 0DZ
H&L,G84 0EA
H&L,G84 0EB
H&L,G84 0EG
H&L,G84 0EH
H&L,G84 0EJ
H&L,G84 0EL
H&L,G84 0EN
H&L,G84 0EP
H&L,G84 0ER
H&L,G84 0ET
H&L,G84 0EU
H&L,G84 0EW
H&L,G84 0EX
H&L,G84 0EY
H&L,G84 0EZ
H&L,G84 0FB
H&L,G84 0FL
H&L,G84 0FW
H&L,G84 0HD
H&L,G84 0HG
H&L,G84 0HH
H&L,G84 0HJ
H&L,G84 0HL
H&L,G84 0HN
H&L,G84 0HP
H&L,G84 0HQ
H&L,G84 0HR
H&L,G84 0HS
H&L,G84 0HT
H&L,G84 0HU
H&L,G84 0HW
H&L,G84 0HX
H&L,G84 0HY
H&L,G84 0HZ
H&L,G84 0JA
H&L,G84 0JB
H&L,G84 0JD
H&L,G84 0JE
H&L,G84 0JG
H&L,G84 0JH
H&L,G84 0JJ
H&L,G84 0JL
H&L,G84 0JN
H&L,G84 0JR
H&L,G84 0JS
H&L,G84 0JU
H&L,G84 0JW
H&L,G84 0JX
H&L,G84 0JY
H&L,G84 0JZ
H&L,G84 0LA
H&L,G84 0LB
H&L,G84 0LE
H&L,G84 0LF
H&L,G84 0LG
H&L,G84 0LP
H&L,G84 0LQ
H&L,G84 0LR
H&L,G84 0LS
H&L,G84 0LT
H&L,G84 0LX
H&L,G84 0LY
H&L,G84 0LZ
H&L,G84 0NA
H&L,G84 0NB
H&L,G84 0ND
H&L,G84 0NE
H&L,G84 0NN
H&L,G84 0NP
H&L,G84 0NQ
H&L,G84 0NR
H&L,G84 0NS
H&L,G84 0NT
H&L,G84 0NU
H&L,G84 0NW
H&L,G84 0NX
H&L,G84 0NY
H&L,G84 0NZ
H&L,G84 0PE
H&L,G84 0PF
H&L,G84 0PG
H&L,G84 0PH
H&L,G84 0PJ
H&L,G84 0PL
H&L,G84 0PN
H&L,G84 0PP
H&L,G84 0PQ
H&L,G84 0PU
H&L,G84 0PX
H&L,G84 0PY
H&L,G84 0PZ
H&L,G84 0QA
H&L,G84 0QB
H&L,G84 0QD
H&L,G84 0QE
H&L,G84 0QF
H&L,G84 0QG
H&L,G84 0QH
H&L,G84 0QJ
H&L,G84 0QL
H&L,G84 0QN
H&L,G84 0QP
H&L,G84 0QQ
H&L,G84 0QR
H&L,G84 0QS
H&L,G84 0QT
H&L,G84 0QU
H&L,G84 0QW
H&L,G84 0QX
H&L,G84 0QY
H&L,G84 0QZ
H&L,G84 0RA
H&L,G84 0RD
H&L,G84 0RE
H&L,G84 0RF
H&L,G84 0RG
H&L,G84 0RH
H&L,G84 0RJ
H&L,G84 0RL
H&L,G84 0RN
H&L,G84 0RP
H&L,G84 0RQ
H&L,G84 0RR
H&L,G84 0RS
H&L,G84 0RT
H&L,G84 0RU
H&L,G84 0RW
H&L,G84 0RX
H&L,G84 0RY
H&L,G84 0RZ
H&L,G84 0SB
H&L,G84 0SL
H&L,G84 0SQ
H&L,G84 7AA
H&L,G84 7AD
H&L,G84 7AE
H&L,G84 7AF
H&L,G84 7AG
H&L,G84 7AH
H&L,G84 7AJ
H&L,G84 7AL
H&L,G84 7AN
H&L,G84 7AP
H&L,G84 7AQ
H&L,G84 7AR
H&L,G84 7AS
H&L,G84 7AT
H&L,G84 7AU
H&L,G84 7AW
H&L,G84 7AX
H&L,G84 7AY
H&L,G84 7AZ
H&L,G84 7BB
H&L,G84 7BE
H&L,G84 7BF
H&L,G84 7BG
H&L,G84 7BH
H&L,G84 7BJ
H&L,G84 7BL
H&L,G84 7BN
H&L,G84 7BP
H&L,G84 7BQ
H&L,G84 7BS
H&L,G84 7BT
H&L,G84 7BW
H&L,G84 7BX
H&L,G84 7BZ
H&L,G84 7DD
H&L,G84 7DE
H&L,G84 7DF
H&L,G84 7DG
H&L,G84 7DH
H&L,G84 7DJ
H&L,G84 7DL
H&L,G84 7DN
H&L,G84 7DP
H&L,G84 7DQ
H&L,G84 7DR
H&L,G84 7DT
H&L,G84 7DU
H&L,G84 7DW
H&L,G84 7DX
H&L,G84 7DY
H&L,G84 7DZ
H&L,G84 7EA
H&L,G84 7EB
H&L,G84 7ED
H&L,G84 7EE
H&L,G84 7EJ
H&L,G84 7EL
H&L,G84 7EN
H&L,G84 7EP
H&L,G84 7ER
H&L,G84 7ES
H&L,G84 7ET
H&L,G84 7EU
H&L,G84 7EW
H&L,G84 7EX
H&L,G84 7EY
H&L,G84 7EZ
H&L,G84 7HA
H&L,G84 7HB
H&L,G84 7HD
H&L,G84 7HE
H&L,G84 7HF
H&L,G84 7HG
H&L,G84 7HH
H&L,G84 7HJ
H&L,G84 7HL
H&L,G84 7HN
H&L,G84 7HP
H&L,G84 7HQ
H&L,G84 7HR
H&L,G84 7HT
H&L,G84 7HU
H&L,G84 7JB
H&L,G84 7JD
H&L,G84 7JE
H&L,G84 7JF
H&L,G84 7JG
H&L,G84 7JH
H&L,G84 7JJ
H&L,G84 7JL
H&L,G84 7JN
H&L,G84 7JP
H&L,G84 7JQ
H&L,G84 7JR
H&L,G84 7JS
H&L,G84 7JT
H&L,G84 7JU
H&L,G84 7JW
H&L,G84 7JX
H&L,G84 7JY
H&L,G84 7JZ
H&L,G84 7LA
H&L,G84 7LB
H&L,G84 7LD
H&L,G84 7LE
H&L,G84 7LH
H&L,G84 7LJ
H&L,G84 7LL
H&L,G84 7LN
H&L,G84 7LP
H&L,G84 7LR
H&L,G84 7LS
H&L,G84 7LT
H&L,G84 7LU
H&L,G84 7LW
H&L,G84 7LX
H&L,G84 7LY
H&L,G84 7LZ
H&L,G84 7NA
H&L,G84 7NB
H&L,G84 7ND
H&L,G84 7NE
H&L,G84 7NF
H&L,G84 7NG
H&L,G84 7NH
H&L,G84 7NJ
H&L,G84 7NL
H&L,G84 7NN
H&L,G84 7NP
H&L,G84 7NQ
H&L,G84 7NT
H&L,G84 7NW
H&L,G84 7NX
H&L,G84 7NY
H&L,G84 7PA
H&L,G84 7PB
H&L,G84 7PD
H&L,G84 7PE
H&L,G84 7PF
H&L,G84 7PG
H&L,G84 7PH
H&L,G84 7PJ
H&L,G84 7PL
H&L,G84 7PN
H&L,G84 7PP
H&L,G84 7PQ
H&L,G84 7PR
H&L,G84 7PW
H&L,G84 7PX
H&L,G84 7PY
H&L,G84 7QA
H&L,G84 7QF
H&L,G84 7QJ
H&L,G84 7QL
H&L,G84 7QN
H&L,G84 7QP
H&L,G84 7QQ
H&L,G84 7QR
H&L,G84 7QS
H&L,G84 7QT
H&L,G84 7QU
H&L,G84 7QW
H&L,G84 7QY
H&L,G84 7QZ
H&L,G84 7RA
H&L,G84 7RB
H&L,G84 7RD
H&L,G84 7RE
H&L,G84 7RF
H&L,G84 7RG
H&L,G84 7RH
H&L,G84 7RJ
H&L,G84 7RQ
H&L,G84 7RR
H&L,G84 7RS
H&L,G84 7RT
H&L,G84 7RW
H&L,G84 7RX
H&L,G84 7RY
H&L,G84 7SA
H&L,G84 7SB
H&L,G84 7SD
H&L,G84 7SE
H&L,G84 7SF
H&L,G84 7SG
H&L,G84 7SH
H&L,G84 7SP
H&L,G84 7SQ
H&L,G84 7SR
H&L,G84 7SS
H&L,G84 7ST
H&L,G84 7SU
H&L,G84 7SW
H&L,G84 7SX
H&L,G84 7SY
H&L,G84 7SZ
H&L,G84 7TA
H&L,G84 7TD
H&L,G84 7TE
H&L,G84 7TF
H&L,G84 7TG
H&L,G84 7TH
H&L,G84 7TJ
H&L,G84 7TL
H&L,G84 7TN
H&L,G84 7TP
H&L,G84 7TQ
H&L,G84 7TR
H&L,G84 7TS
H&L,G84 7TU
H&L,G84 7TW
H&L,G84 7TX
H&L,G84 7TY
H&L,G84 7TZ
H&L,G84 7UA
H&L,G84 7UB
H&L,G84 7UD
H&L,G84 7UE
H&L,G84 8AB
H&L,G84 8AD
H&L,G84 8AJ
H&L,G84 8AN
H&L,G84 8AQ
H&L,G84 8AS
H&L,G84 8AW
H&L,G84 8AX
H&L,G84 8BA
H&L,G84 8BB
H&L,G84 8BD
H&L,G84 8BE
H&L,G84 8BF
H&L,G84 8BG
H&L,G84 8BH
H&L,G84 8BJ
H&L,G84 8BL
H&L,G84 8BN
H&L,G84 8BP
H&L,G84 8BQ
H&L,G84 8BS
H&L,G84 8BT
H&L,G84 8BX
H&L,G84 8BY
H&L,G84 8BZ
H&L,G84 8DA
H&L,G84 8DB
H&L,G84 8DD
H&L,G84 8DE
H&L,G84 8DF
H&L,G84 8DG
H&L,G84 8DH
H&L,G84 8DJ
H&L,G84 8DL
H&L,G84 8DN
H&L,G84 8DP
H&L,G84 8DQ
H&L,G84 8DR
H&L,G84 8DS
H&L,G84 8DT
H&L,G84 8DU
H&L,G84 8DW
H&L,G84 8DX
H&L,G84 8DY
H&L,G84 8DZ
H&L,G84 8EB
H&L,G84 8ED
H&L,G84 8EE
H&L,G84 8EF
H&L,G84 8EG
H&L,G84 8EH
H&L,G84 8EJ
H&L,G84 8EL
H&L,G84 8EN
H&L,G84 8EP
H&L,G84 8EQ
H&L,G84 8ER
H&L,G84 8ET
H&L,G84 8EU
H&L,G84 8EW
H&L,G84 8EX
H&L,G84 8EY
H&L,G84 8EZ
H&L,G84 8HA
H&L,G84 8HB
H&L,G84 8HD
H&L,G84 8HN
H&L,G84 8HR
H&L,G84 8HU
H&L,G84 8HX
H&L,G84 8HY
H&L,G84 8HZ
H&L,G84 8JA
H&L,G84 8JB
H&L,G84 8JD
H&L,G84 8JE
H&L,G84 8JF
H&L,G84 8JG
H&L,G84 8JH
H&L,G84 8JJ
H&L,G84 8JP
H&L,G84 8JQ
H&L,G84 8JR
H&L,G84 8JS
H&L,G84 8JU
H&L,G84 8JX
H&L,G84 8JY
H&L,G84 8JZ
H&L,G84 8LA
H&L,G84 8LE
H&L,G84 8LF
H&L,G84 8LG
H&L,G84 8LH
H&L,G84 8LJ
H&L,G84 8LL
H&L,G84 8LP
H&L,G84 8LQ
H&L,G84 8LR
H&L,G84 8LS
H&L,G84 8LT
H&L,G84 8LU
H&L,G84 8LW
H&L,G84 8LX
H&L,G84 8LY
H&L,G84 8LZ
H&L,G84 8NE
H&L,G84 8NF
H&L,G84 8NG
H&L,G84 8NH
H&L,G84 8NJ
H&L,G84 8NL
H&L,G84 8NN
H&L,G84 8NP
H&L,G84 8NR
H&L,G84 8NU
H&L,G84 8NW
H&L,G84 8NX
H&L,G84 8NZ
H&L,G84 8PA
H&L,G84 8PB
H&L,G84 8PG
H&L,G84 8PJ
H&L,G84 8PL
H&L,G84 8PP
H&L,G84 8PR
H&L,G84 8PS
H&L,G84 8PT
H&L,G84 8PU
H&L,G84 8PW
H&L,G84 8PX
H&L,G84 8PY
H&L,G84 8PZ
H&L,G84 8QA
H&L,G84 8QB
H&L,G84 8QD
H&L,G84 8QE
H&L,G84 8QF
H&L,G84 8QG
H&L,G84 8QH
H&L,G84 8QJ
H&L,G84 8QL
H&L,G84 8QN
H&L,G84 8QP
H&L,G84 8QQ
H&L,G84 8QR
H&L,G84 8QW
H&L,G84 8QX
H&L,G84 8QZ
H&L,G84 8RA
H&L,G84 8RB
H&L,G84 8RD
H&L,G84 8RE
H&L,G84 8RF
H&L,G84 8RG
H&L,G84 8RH
H&L,G84 8RJ
H&L,G84 8RL
H&L,G84 8RN
H&L,G84 8RP
H&L,G84 8RQ
H&L,G84 8RR
H&L,G84 8RS
H&L,G84 8RT
H&L,G84 8RU
H&L,G84 8RW
H&L,G84 8RX
H&L,G84 8RY
H&L,G84 8RZ
H&L,G84 8SA
H&L,G84 8SB
H&L,G84 8SD
H&L,G84 8SF
H&L,G84 8SG
H&L,G84 8SL
H&L,G84 8SQ
H&L,G84 8SR
H&L,G84 8SU
H&L,G84 8SY
H&L,G84 8SZ
H&L,G84 8TA
H&L,G84 8TD
H&L,G84 8TF
H&L,G84 8TG
H&L,G84 8TH
H&L,G84 8TL
H&L,G84 8TP
H&L,G84 8TQ
H&L,G84 8TR
H&L,G84 8TT
H&L,G84 8TU
H&L,G84 8TX
H&L,G84 8TZ
H&L,G84 8UA
H&L,G84 8UG
H&L,G84 8UH
H&L,G84 8UJ
H&L,G84 8UL
H&L,G84 8UN
H&L,G84 8UP
H&L,G84 8UR
H&L,G84 8UT
H&L,G84 8UU
H&L,G84 8UX
H&L,G84 8XD
H&L,G84 8XF
H&L,G84 8XG
H&L,G84 8XH
H&L,G84 8XJ
H&L,G84 8XL
H&L,G84 8XN
H&L,G84 8XR
H&L,G84 8XS
H&L,G84 8XT
H&L,G84 8XU
H&L,G84 8XW
H&L,G84 8XX
H&L,G84 8XY
H&L,G84 8XZ
H&L,G84 8YB
H&L,G84 8YG
H&L,G84 8YH
H&L,G84 8YJ
H&L,G84 8YL
H&L,G84 8YN
H&L,G84 8YQ
H&L,G84 8YT
H&L,G84 9AA
H&L,G84 9AB
H&L,G84 9AD
H&L,G84 9AE
H&L,G84 9AF
H&L,G84 9AG
H&L,G84 9AH
H&L,G84 9AJ
H&L,G84 9AL
H&L,G84 9AN
H&L,G84 9AP
H&L,G84 9AQ
H&L,G84 9AR
H&L,G84 9AS
H&L,G84 9AT
H&L,G84 9AU
H&L,G84 9AW
H&L,G84 9AX
H&L,G84 9AZ
H&L,G84 9BA
H&L,G84 9BB
H&L,G84 9BD
H&L,G84 9BE
H&L,G84 9BF
H&L,G84 9BG
H&L,G84 9BH
H&L,G84 9BJ
H&L,G84 9BL
H&L,G84 9BN
H&L,G84 9BQ
H&L,G84 9BS
H&L,G84 9BT
H&L,G84 9BU
H&L,G84 9BW
H&L,G84 9BX
H&L,G84 9BY
H&L,G84 9BZ
H&L,G84 9DA
H&L,G84 9DB
H&L,G84 9DD
H&L,G84 9DE
H&L,G84 9DF
H&L,G84 9DG
H&L,G84 9DH
H&L,G84 9DJ
H&L,G84 9DL
H&L,G84 9DN
H&L,G84 9DP
H&L,G84 9DQ
H&L,G84 9DR
H&L,G84 9DS
H&L,G84 9DT
H&L,G84 9DU
H&L,G84 9DW
H&L,G84 9DX
H&L,G84 9DY
H&L,G84 9DZ
H&L,G84 9EA
H&L,G84 9EB
H&L,G84 9ED
H&L,G84 9EE
H&L,G84 9EF
H&L,G84 9EG
H&L,G84 9EH
H&L,G84 9EJ
H&L,G84 9EL
H&L,G84 9EN
H&L,G84 9EQ
H&L,G84 9ER
H&L,G84 9ES
H&L,G84 9ET
H&L,G84 9EU
H&L,G84 9EW
H&L,G84 9EX
H&L,G84 9EY
H&L,G84 9HA
H&L,G84 9HB
H&L,G84 9HD
H&L,G84 9HE
H&L,G84 9HF
H&L,G84 9HH
H&L,G84 9HJ
H&L,G84 9HL
H&L,G84 9HP
H&L,G84 9HQ
H&L,G84 9HR
H&L,G84 9HU
H&L,G84 9HW
H&L,G84 9HX
H&L,G84 9HY
H&L,G84 9HZ
H&L,G84 9JA
H&L,G84 9JB
H&L,G84 9JD
H&L,G84 9JE
H&L,G84 9JG
H&L,G84 9JJ
H&L,G84 9JN
H&L,G84 9JP
H&L,G84 9JR
H&L,G84 9JS
H&L,G84 9JT
H&L,G84 9JU
H&L,G84 9JW
H&L,G84 9JY
H&L,G84 9JZ
H&L,G84 9LA
H&L,G84 9LB
H&L,G84 9LD
H&L,G84 9LE
H&L,G84 9LF
H&L,G84 9LG
H&L,G84 9LH
H&L,G84 9LJ
H&L,G84 9LL
H&L,G84 9LN
H&L,G84 9LQ
H&L,G84 9LT
H&L,G84 9LW
H&L,G84 9LX
H&L,G84 9LY
H&L,G84 9LZ
H&L,G84 9NA
H&L,G84 9NB
H&L,G84 9ND
H&L,G84 9NE
H&L,G84 9NF
H&L,G84 9NG
H&L,G84 9NH
H&L,G84 9NJ
H&L,G84 9NL
H&L,G84 9NN
H&L,G84 9NP
H&L,G84 9NQ
H&L,G84 9NR
H&L,G84 9NS
H&L,G84 9NW
H&L,G84 9PA
H&L,G84 9PB
H&L,G84 9PD
H&L,G84 9PE
H&L,G84 9PF
H&L,G84 9PG
H&L,G84 9PH
H&L,G84 9PJ
H&L,G84 9PN
H&L,G84 9PP
H&L,G84 9PQ
H&L,G84 9PR
H&L,G84 9PS
H&L,G84 9PT
H&L,G84 9PU
H&L,G84 9PW
H&L,G84 9PX
H&L,G84 9PY
H&L,G84 9QD
H&L,G84 9QE
H&L,G84 9QF
H&L,G84 9QG
H&L,G84 9QH
H&L,G84 9QJ
H&L,G84 9QL
H&L,G84 9QN
H&L,G84 9QP
H&L,G84 9QQ
H&L,G84 9QR
H&L,G84 9QS
H&L,G84 9QT
H&L,G84 9QU
H&L,G84 9QW
H&L,G84 9QX
H&L,G84 9QY
H&L,G84 9QZ
H&L,G84 9RA
H&L,G84 9RB
H&L,G84 9RD
H&L,G84 9RE
H&L,G84 9RJ
H&L,G84 9RL
H&L,G84 9RN
H&L,G84 9RP
H&L,G84 9RR
H&L,G84 9RS
H&L,G84 9RT
H&L,G84 9RU
H&L,G84 9RW
H&L,G84 9RX
H&L,G84 9RY
H&L,G84 9RZ
H&L,G84 9SA
H&L,G84 9SB
H&L,G84 9SD
H&L,G84 9SE
H&L,G84 9SF
B&C,PA20 0AH
B&C,PA20 0AJ
B&C,PA20 0AP
B&C,PA20 0AS
B&C,PA20 0AT
B&C,PA20 0AU
B&C,PA20 0AW
B&C,PA20 0AX
B&C,PA20 0AY
B&C,PA20 0AZ
B&C,PA20 0BA
B&C,PA20 0BB
B&C,PA20 0BD
B&C,PA20 0BE
B&C,PA20 0BG
B&C,PA20 0BH
B&C,PA20 0BJ
B&C,PA20 0BL
B&C,PA20 0BT
B&C,PA20 0BU
B&C,PA20 0BZ
B&C,PA20 0DA
B&C,PA20 0DB
B&C,PA20 0DD
B&C,PA20 0DJ
B&C,PA20 0DL
B&C,PA20 0DN
B&C,PA20 0DP
B&C,PA20 0DS
B&C,PA20 0DT
B&C,PA20 0DU
B&C,PA20 0DW
B&C,PA20 0DX
B&C,PA20 0DY
B&C,PA20 0DZ
B&C,PA20 0EA
B&C,PA20 0EB
B&C,PA20 0ED
B&C,PA20 0EH
B&C,PA20 0EJ
B&C,PA20 0EL
B&C,PA20 0EN
B&C,PA20 0EP
B&C,PA20 0EQ
B&C,PA20 0ER
B&C,PA20 0ES
B&C,PA20 0ET
B&C,PA20 0EU
B&C,PA20 0EW
B&C,PA20 0EX
B&C,PA20 0EY
B&C,PA20 0EZ
B&C,PA20 0HA
B&C,PA20 0HB
B&C,PA20 0HD
B&C,PA20 0HE
B&C,PA20 0HF
B&C,PA20 0HH
B&C,PA20 0HJ
B&C,PA20 0HQ
B&C,PA20 0HR
B&C,PA20 0HS
B&C,PA20 0HT
B&C,PA20 0HU
B&C,PA20 0HW
B&C,PA20 0HX
B&C,PA20 0HY
B&C,PA20 0HZ
B&C,PA20 0JA
B&C,PA20 0JB
B&C,PA20 0JD
B&C,PA20 0JE
B&C,PA20 0JF
B&C,PA20 0JG
B&C,PA20 0JH
B&C,PA20 0JJ
B&C,PA20 0JL
B&C,PA20 0JN
B&C,PA20 0JP
B&C,PA20 0JQ
B&C,PA20 0JR
B&C,PA20 0JS
B&C,PA20 0JT
B&C,PA20 0JU
B&C,PA20 0JX
B&C,PA20 0JY
B&C,PA20 0LF
B&C,PA20 0LG
B&C,PA20 0LH
B&C,PA20 0LJ
B&C,PA20 0LL
B&C,PA20 0LN
B&C,PA20 0LQ
B&C,PA20 0LR
B&C,PA20 0LS
B&C,PA20 0LT
B&C,PA20 0LU
B&C,PA20 0LW
B&C,PA20 0LX
B&C,PA20 0LY
B&C,PA20 0LZ
B&C,PA20 0NA
B&C,PA20 0NB
B&C,PA20 0ND
B&C,PA20 0NE
B&C,PA20 0NJ
B&C,PA20 0NL
B&C,PA20 0NN
B&C,PA20 0NP
B&C,PA20 0NR
B&C,PA20 0NS
B&C,PA20 0NT
B&C,PA20 0NU
B&C,PA20 0NW
B&C,PA20 0NY
B&C,PA20 0PB
B&C,PA20 0PG
B&C,PA20 0PH
B&C,PA20 0PJ
B&C,PA20 0PL
B&C,PA20 0PN
B&C,PA20 0PP
B&C,PA20 0PQ
B&C,PA20 0PR
B&C,PA20 0PY
B&C,PA20 0PZ
B&C,PA20 0QA
B&C,PA20 0QB
B&C,PA20 0QE
B&C,PA20 0QF
B&C,PA20 0QG
B&C,PA20 0QL
B&C,PA20 0QP
B&C,PA20 0QQ
B&C,PA20 0QR
B&C,PA20 0QS
B&C,PA20 0QT
B&C,PA20 0QU
B&C,PA20 0QW
B&C,PA20 0QX
B&C,PA20 0QZ
B&C,PA20 0RA
B&C,PA20 0RB
B&C,PA20 9AA
B&C,PA20 9AB
B&C,PA20 9AF
B&C,PA20 9AG
B&C,PA20 9AL
B&C,PA20 9AP
B&C,PA20 9AQ
B&C,PA20 9AR
B&C,PA20 9AS
B&C,PA20 9AU
B&C,PA20 9AY
B&C,PA20 9AZ
B&C,PA20 9BA
B&C,PA20 9BB
B&C,PA20 9BD
B&C,PA20 9BE
B&C,PA20 9BG
B&C,PA20 9BH
B&C,PA20 9BJ
B&C,PA20 9BL
B&C,PA20 9BN
B&C,PA20 9BQ
B&C,PA20 9BS
B&C,PA20 9BZ
B&C,PA20 9DA
B&C,PA20 9DD
B&C,PA20 9DG
B&C,PA20 9DH
B&C,PA20 9DL
B&C,PA20 9DN
B&C,PA20 9DP
B&C,PA20 9DU
B&C,PA20 9DW
B&C,PA20 9DX
B&C,PA20 9DY
B&C,PA20 9EA
B&C,PA20 9EB
B&C,PA20 9ED
B&C,PA20 9EG
B&C,PA20 9EH
B&C,PA20 9EJ
B&C,PA20 9EL
B&C,PA20 9EN
B&C,PA20 9EP
B&C,PA20 9ER
B&C,PA20 9ES
B&C,PA20 9ET
B&C,PA20 9EU
B&C,PA20 9EW
B&C,PA20 9EX
B&C,PA20 9EY
B&C,PA20 9EZ
B&C,PA20 9HA
B&C,PA20 9HF
B&C,PA20 9HG
B&C,PA20 9HJ
B&C,PA20 9HL
B&C,PA20 9HN
B&C,PA20 9HP
B&C,PA20 9HQ
B&C,PA20 9HR
B&C,PA20 9HS
B&C,PA20 9HT
B&C,PA20 9HU
B&C,PA20 9HW
B&C,PA20 9HX
B&C,PA20 9HY
B&C,PA20 9HZ
B&C,PA20 9JA
B&C,PA20 9JB
B&C,PA20 9JD
B&C,PA20 9JE
B&C,PA20 9JH
B&C,PA20 9JP
B&C,PA20 9JR
B&C,PA20 9JS
B&C,PA20 9JT
B&C,PA20 9JX
B&C,PA20 9JY
B&C,PA20 9JZ
B&C,PA20 9LA
B&C,PA20 9LB
B&C,PA20 9LD
B&C,PA20 9LE
B&C,PA20 9LF
B&C,PA20 9LH
B&C,PA20 9LJ
B&C,PA20 9LL
B&C,PA20 9LN
B&C,PA20 9LP
B&C,PA20 9LR
B&C,PA20 9LS
B&C,PA20 9LT
B&C,PA20 9LU
B&C,PA20 9LW
B&C,PA20 9LX
B&C,PA20 9LZ
B&C,PA20 9NA
B&C,PA20 9NG
B&C,PA20 9NH
B&C,PA20 9NJ
B&C,PA20 9NL
B&C,PA20 9NN
B&C,PA20 9NP
B&C,PA20 9NR
B&C,PA20 9NS
B&C,PA20 9NT
B&C,PA20 9NU
B&C,PA20 9NW
B&C,PA20 9NX
B&C,PA20 9PA
B&C,PA20 9PB
B&C,PA20 9PD
B&C,PA20 9PE
B&C,PA20 9PF
B&C,PA21 2AA
B&C,PA21 2AB
B&C,PA21 2AD
B&C,PA21 2AE
B&C,PA21 2AF
B&C,PA21 2AG
B&C,PA21 2AH
B&C,PA21 2AQ
B&C,PA21 2BA
B&C,PA21 2BB
B&C,PA21 2BD
B&C,PA21 2BE
B&C,PA21 2BF
B&C,PA21 2BH
B&C,PA21 2BJ
B&C,PA21 2BL
B&C,PA21 2BN
B&C,PA21 2BP
B&C,PA21 2BQ
B&C,PA21 2BS
B&C,PA21 2BU
B&C,PA21 2BW
B&C,PA21 2BX
B&C,PA21 2BY
B&C,PA21 2BZ
B&C,PA21 2DA
B&C,PA21 2DH
B&C,PA21 2DR
B&C,PA21 2DS
B&C,PA21 2DU
B&C,PA21 2DX
B&C,PA21 2DY
B&C,PA21 2EA
B&C,PA21 2EB
B&C,PA21 2ED
B&C,PA21 2EE
B&C,PA21 2EG
B&C,PA21 2EH
B&C,PA21 2EJ
B&C,PA21 2EP
B&C,PA21 2ER
B&C,PA22 3AA
B&C,PA22 3AB
B&C,PA22 3AD
B&C,PA22 3AE
B&C,PA22 3AF
B&C,PA22 3AG
B&C,PA22 3AH
B&C,PA22 3AJ
B&C,PA22 3AP
B&C,PA22 3AR
B&C,PA22 3AS
B&C,PA22 3AT
B&C,PA22 3AU
B&C,PA22 3AX
B&C,PA23 7AA
B&C,PA23 7AB
B&C,PA23 7AD
B&C,PA23 7AE
B&C,PA23 7AF
B&C,PA23 7AG
B&C,PA23 7AH
B&C,PA23 7AL
B&C,PA23 7AN
B&C,PA23 7AQ
B&C,PA23 7AR
B&C,PA23 7AS
B&C,PA23 7AT
B&C,PA23 7AU
B&C,PA23 7AX
B&C,PA23 7AY
B&C,PA23 7BA
B&C,PA23 7BB
B&C,PA23 7BD
B&C,PA23 7BG
B&C,PA23 7BH
B&C,PA23 7BJ
B&C,PA23 7BL
B&C,PA23 7BN
B&C,PA23 7DB
B&C,PA23 7DD
B&C,PA23 7DH
B&C,PA23 7DJ
B&C,PA23 7DL
B&C,PA23 7DN
B&C,PA23 7DP
B&C,PA23 7DR
B&C,PA23 7DS
B&C,PA23 7DT
B&C,PA23 7DU
B&C,PA23 7DW
B&C,PA23 7DY
B&C,PA23 7EA
B&C,PA23 7EB
B&C,PA23 7ED
B&C,PA23 7EE
B&C,PA23 7EG
B&C,PA23 7EH
B&C,PA23 7EJ
B&C,PA23 7EL
B&C,PA23 7EN
B&C,PA23 7EP
B&C,PA23 7EW
B&C,PA23 7HA
B&C,PA23 7HB
B&C,PA23 7HG
B&C,PA23 7HH
B&C,PA23 7HJ
B&C,PA23 7HL
B&C,PA23 7HN
B&C,PA23 7HP
B&C,PA23 7HQ
B&C,PA23 7HR
B&C,PA23 7HS
B&C,PA23 7HT
B&C,PA23 7HU
B&C,PA23 7HX
B&C,PA23 7HY
B&C,PA23 7HZ
B&C,PA23 7JA
B&C,PA23 7JB
B&C,PA23 7JD
B&C,PA23 7JE
B&C,PA23 7JF
B&C,PA23 7JG
B&C,PA23 7JH
B&C,PA23 7JJ
B&C,PA23 7JL
B&C,PA23 7JN
B&C,PA23 7LA
B&C,PA23 7LB
B&C,PA23 7LD
B&C,PA23 7LF
B&C,PA23 7LG
B&C,PA23 7LH
B&C,PA23 7LJ
B&C,PA23 7LL
B&C,PA23 7LN
B&C,PA23 7LP
B&C,PA23 7LR
B&C,PA23 7LS
B&C,PA23 7LU
B&C,PA23 7LW
B&C,PA23 7NA
B&C,PA23 7NE
B&C,PA23 7NS
B&C,PA23 7NU
B&C,PA23 7NX
B&C,PA23 7NY
B&C,PA23 7PA
B&C,PA23 7PB
B&C,PA23 7PD
B&C,PA23 7PE
B&C,PA23 7PF
B&C,PA23 7PG
B&C,PA23 7PH
B&C,PA23 7PJ
B&C,PA23 7PL
B&C,PA23 7PN
B&C,PA23 7PP
B&C,PA23 7PR
B&C,PA23 7PS
B&C,PA23 7PT
B&C,PA23 7PU
B&C,PA23 7PW
B&C,PA23 7PX
B&C,PA23 7PY
B&C,PA23 7QA
B&C,PA23 7QB
B&C,PA23 7QD
B&C,PA23 7QG
B&C,PA23 7QH
B&C,PA23 7QJ
B&C,PA23 7QL
B&C,PA23 7QN
B&C,PA23 7QT
B&C,PA23 7QU
B&C,PA23 7QX
B&C,PA23 7QY
B&C,PA23 7QZ
B&C,PA23 7RA
B&C,PA23 7RD
B&C,PA23 7RE
B&C,PA23 7RF
B&C,PA23 7RG
B&C,PA23 7RH
B&C,PA23 7RJ
B&C,PA23 7RL
B&C,PA23 7RN
B&C,PA23 7RP
B&C,PA23 7RQ
B&C,PA23 7RR
B&C,PA23 7RS
B&C,PA23 7RT
B&C,PA23 7RY
B&C,PA23 7SA
B&C,PA23 7SB
B&C,PA23 7SD
B&C,PA23 7SE
B&C,PA23 7SF
B&C,PA23 7SG
B&C,PA23 7SH
B&C,PA23 7SJ
B&C,PA23 7SL
B&C,PA23 7SN
B&C,PA23 7SP
B&C,PA23 7SR
B&C,PA23 7SS
B&C,PA23 7ST
B&C,PA23 7SU
B&C,PA23 7SW
B&C,PA23 7SX
B&C,PA23 7SY
B&C,PA23 7SZ
B&C,PA23 7TA
B&C,PA23 7TB
B&C,PA23 7TD
B&C,PA23 7TE
B&C,PA23 7TF
B&C,PA23 7TG
B&C,PA23 7TH
B&C,PA23 7TJ
B&C,PA23 7TL
B&C,PA23 7TN
B&C,PA23 7TP
B&C,PA23 7TQ
B&C,PA23 7TR
B&C,PA23 7TS
B&C,PA23 7UA
B&C,PA23 7UB
B&C,PA23 7UD
B&C,PA23 7UE
B&C,PA23 7UG
B&C,PA23 7UJ
B&C,PA23 7UL
B&C,PA23 7UN
B&C,PA23 7UP
B&C,PA23 7UR
B&C,PA23 8AA
B&C,PA23 8AB
B&C,PA23 8AE
B&C,PA23 8AF
B&C,PA23 8AG
B&C,PA23 8AH
B&C,PA23 8AN
B&C,PA23 8AP
B&C,PA23 8AQ
B&C,PA23 8AR
B&C,PA23 8AS
B&C,PA23 8AT
B&C,PA23 8AU
B&C,PA23 8AW
B&C,PA23 8AX
B&C,PA23 8AY
B&C,PA23 8BA
B&C,PA23 8BB
B&C,PA23 8BD
B&C,PA23 8BE
B&C,PA23 8BF
B&C,PA23 8BG
B&C,PA23 8BH
B&C,PA23 8BJ
B&C,PA23 8BN
B&C,PA23 8BP
B&C,PA23 8BQ
B&C,PA23 8BS
B&C,PA23 8BT
B&C,PA23 8BU
B&C,PA23 8BW
B&C,PA23 8BX
B&C,PA23 8BY
B&C,PA23 8BZ
B&C,PA23 8DA
B&C,PA23 8DB
B&C,PA23 8DD
B&C,PA23 8DE
B&C,PA23 8DF
B&C,PA23 8DG
B&C,PA23 8DH
B&C,PA23 8DJ
B&C,PA23 8DL
B&C,PA23 8DN
B&C,PA23 8DP
B&C,PA23 8DQ
B&C,PA23 8DR
B&C,PA23 8DS
B&C,PA23 8DT
B&C,PA23 8DU
B&C,PA23 8DW
B&C,PA23 8DX
B&C,PA23 8DY
B&C,PA23 8DZ
B&C,PA23 8EA
B&C,PA23 8EB
B&C,PA23 8EE
B&C,PA23 8EF
B&C,PA23 8EG
B&C,PA23 8EH
B&C,PA23 8EJ
B&C,PA23 8EL
B&C,PA23 8EQ
B&C,PA23 8ER
B&C,PA23 8ES
B&C,PA23 8ET
B&C,PA23 8EU
B&C,PA23 8EW
B&C,PA23 8EX
B&C,PA23 8FB
B&C,PA23 8FD
B&C,PA23 8FE
B&C,PA23 8FF
B&C,PA23 8FG
B&C,PA23 8FH
B&C,PA23 8FJ
B&C,PA23 8FP
B&C,PA23 8GA
B&C,PA23 8GZ
B&C,PA23 8HA
B&C,PA23 8HB
B&C,PA23 8HD
B&C,PA23 8HE
B&C,PA23 8HF
B&C,PA23 8HG
B&C,PA23 8HH
B&C,PA23 8HJ
B&C,PA23 8HL
B&C,PA23 8HN
B&C,PA23 8HP
B&C,PA23 8HQ
B&C,PA23 8HR
B&C,PA23 8HS
B&C,PA23 8HT
B&C,PA23 8HU
B&C,PA23 8HW
B&C,PA23 8HX
B&C,PA23 8HY
B&C,PA23 8HZ
B&C,PA23 8JA
B&C,PA23 8JB
B&C,PA23 8JD
B&C,PA23 8JE
B&C,PA23 8JF
B&C,PA23 8JG
B&C,PA23 8JH
B&C,PA23 8JJ
B&C,PA23 8JL
B&C,PA23 8JN
B&C,PA23 8JP
B&C,PA23 8JQ
B&C,PA23 8JR
B&C,PA23 8JS
B&C,PA23 8JT
B&C,PA23 8JU
B&C,PA23 8JW
B&C,PA23 8JX
B&C,PA23 8JY
B&C,PA23 8JZ
B&C,PA23 8LA
B&C,PA23 8LB
B&C,PA23 8LD
B&C,PA23 8LF
B&C,PA23 8LG
B&C,PA23 8LH
B&C,PA23 8LJ
B&C,PA23 8LL
B&C,PA23 8LN
B&C,PA23 8LP
B&C,PA23 8LQ
B&C,PA23 8LR
B&C,PA23 8LS
B&C,PA23 8LT
B&C,PA23 8LU
B&C,PA23 8LW
B&C,PA23 8LX
B&C,PA23 8LY
B&C,PA23 8LZ
B&C,PA23 8NA
B&C,PA23 8NB
B&C,PA23 8ND
B&C,PA23 8NE
B&C,PA23 8NF
B&C,PA23 8NG
B&C,PA23 8NH
B&C,PA23 8NJ
B&C,PA23 8NL
B&C,PA23 8NN
B&C,PA23 8NQ
B&C,PA23 8NR
B&C,PA23 8NS
B&C,PA23 8NT
B&C,PA23 8NU
B&C,PA23 8NW
B&C,PA23 8NY
B&C,PA23 8NZ
B&C,PA23 8PA
B&C,PA23 8PB
B&C,PA23 8PD
B&C,PA23 8PE
B&C,PA23 8PF
B&C,PA23 8PH
B&C,PA23 8PJ
B&C,PA23 8PL
B&C,PA23 8PN
B&C,PA23 8PP
B&C,PA23 8PR
B&C,PA23 8PS
B&C,PA23 8PT
B&C,PA23 8PU
B&C,PA23 8PW
B&C,PA23 8PX
B&C,PA23 8PY
B&C,PA23 8PZ
B&C,PA23 8QA
B&C,PA23 8QB
B&C,PA23 8QD
B&C,PA23 8QE
B&C,PA23 8QF
B&C,PA23 8QG
B&C,PA23 8QH
B&C,PA23 8QJ
B&C,PA23 8QL
B&C,PA23 8QN
B&C,PA23 8QR
B&C,PA23 8QS
B&C,PA23 8QT
B&C,PA23 8QU
B&C,PA23 8QW
B&C,PA23 8QZ
B&C,PA23 8RA
B&C,PA23 8RD
B&C,PA23 8RE
B&C,PA23 8RG
B&C,PA23 8RJ
B&C,PA23 8RN
B&C,PA23 8RR
B&C,PA23 8RS
B&C,PA23 8RT
B&C,PA23 8RU
B&C,PA23 8RW
B&C,PA23 8RX
B&C,PA23 8RY
B&C,PA23 8SA
B&C,PA23 8SB
B&C,PA23 8SD
B&C,PA23 8SE
B&C,PA23 8SF
B&C,PA23 8SG
B&C,PA23 8SH
B&C,PA23 8SJ
B&C,PA23 8TA
B&C,PA23 8TB
B&C,PA23 8TE
B&C,PA23 8TG
B&C,PA23 8TH
B&C,PA23 8TJ
B&C,PA23 8TL
B&C,PA23 8TN
B&C,PA23 8TP
B&C,PA23 8TR
B&C,PA23 8TS
B&C,PA23 8TT
B&C,PA23 8TU
B&C,PA24 8AA
B&C,PA24 8AB
B&C,PA24 8AD
B&C,PA24 8AE
B&C,PA24 8AF
B&C,PA24 8AG
B&C,PA24 8AH
B&C,PA24 8AJ
B&C,PA24 8AL
B&C,PA24 8AN
B&C,PA24 8AP
B&C,PA24 8AQ
B&C,PA24 8AR
B&C,PA24 8AS
B&C,PA24 8AU
B&C,PA25 8AZ
B&C,PA25 8BA
B&C,PA25 8BB
B&C,PA26 8BA
B&C,PA26 8BE
B&C,PA26 8BG
B&C,PA26 8BH
B&C,PA26 8BJ
B&C,PA26 8BL
B&C,PA26 8BN
B&C,PA26 8BQ
B&C,PA27 8AB
B&C,PA27 8BU
B&C,PA27 8BW
B&C,PA27 8BX
B&C,PA27 8BY
B&C,PA27 8BZ
B&C,PA27 8DA
B&C,PA27 8DB
B&C,PA27 8DD
B&C,PA27 8DE
B&C,PA27 8DF
B&C,PA27 8DG
B&C,PA27 8DH
B&C,PA27 8DJ
B&C,PA27 8DL
B&C,PA27 8DN
B&C,PA27 8DP
B&C,PA27 8DQ
B&C,PA27 8DR
B&C,PA27 8DS
B&C,PA27 8DW
MAKI,PA28 6AB
MAKI,PA28 6AD
MAKI,PA28 6AE
MAKI,PA28 6AG
MAKI,PA28 6AH
MAKI,PA28 6AN
MAKI,PA28 6AT
MAKI,PA28 6AU
MAKI,PA28 6AX
MAKI,PA28 6AY
MAKI,PA28 6AZ
MAKI,PA28 6BA
MAKI,PA28 6BB
MAKI,PA28 6BE
MAKI,PA28 6BF
MAKI,PA28 6BH
MAKI,PA28 6BL
MAKI,PA28 6BN
MAKI,PA28 6BP
MAKI,PA28 6BQ
MAKI,PA28 6BS
MAKI,PA28 6BT
MAKI,PA28 6BU
MAKI,PA28 6BY
MAKI,PA28 6DB
MAKI,PA28 6DD
MAKI,PA28 6DH
MAKI,PA28 6DL
MAKI,PA28 6DN
MAKI,PA28 6DP
MAKI,PA28 6DQ
MAKI,PA28 6DR
MAKI,PA28 6DS
MAKI,PA28 6DT
MAKI,PA28 6DU
MAKI,PA28 6DW
MAKI,PA28 6DX
MAKI,PA28 6DY
MAKI,PA28 6DZ
MAKI,PA28 6EA
MAKI,PA28 6EB
MAKI,PA28 6ED
MAKI,PA28 6EG
MAKI,PA28 6EH
MAKI,PA28 6EJ
MAKI,PA28 6EL
MAKI,PA28 6EN
MAKI,PA28 6EP
MAKI,PA28 6EQ
MAKI,PA28 6ER
MAKI,PA28 6EW
MAKI,PA28 6EX
MAKI,PA28 6EZ
MAKI,PA28 6FB
MAKI,PA28 6FD
MAKI,PA28 6FE
MAKI,PA28 6FN
MAKI,PA28 6GA
MAKI,PA28 6GD
MAKI,PA28 6GE
MAKI,PA28 6GX
MAKI,PA28 6GY
MAKI,PA28 6GZ
MAKI,PA28 6HA
MAKI,PA28 6HB
MAKI,PA28 6HD
MAKI,PA28 6HE
MAKI,PA28 6HF
MAKI,PA28 6HG
MAKI,PA28 6HH
MAKI,PA28 6HJ
MAKI,PA28 6HL
MAKI,PA28 6HQ
MAKI,PA28 6HR
MAKI,PA28 6HS
MAKI,PA28 6HT
MAKI,PA28 6HU
MAKI,PA28 6HW
MAKI,PA28 6HX
MAKI,PA28 6HY
MAKI,PA28 6HZ
MAKI,PA28 6JA
MAKI,PA28 6JB
MAKI,PA28 6JD
MAKI,PA28 6JE
MAKI,PA28 6JF
MAKI,PA28 6JG
MAKI,PA28 6JH
MAKI,PA28 6JJ
MAKI,PA28 6JL
MAKI,PA28 6JN
MAKI,PA28 6JP
MAKI,PA28 6JR
MAKI,PA28 6JT
MAKI,PA28 6JU
MAKI,PA28 6JW
MAKI,PA28 6JX
MAKI,PA28 6JZ
MAKI,PA28 6LA
MAKI,PA28 6LB
MAKI,PA28 6LD
MAKI,PA28 6LE
MAKI,PA28 6LF
MAKI,PA28 6LG
MAKI,PA28 6LH
MAKI,PA28 6LJ
MAKI,PA28 6LL
MAKI,PA28 6LN
MAKI,PA28 6LP
MAKI,PA28 6LQ
MAKI,PA28 6LR
MAKI,PA28 6LS
MAKI,PA28 6LU
MAKI,PA28 6LW
MAKI,PA28 6LX
MAKI,PA28 6LY
MAKI,PA28 6LZ
MAKI,PA28 6NA
MAKI,PA28 6NB
MAKI,PA28 6ND
MAKI,PA28 6NE
MAKI,PA28 6NF
MAKI,PA28 6NG
MAKI,PA28 6NH
MAKI,PA28 6NJ
MAKI,PA28 6NL
MAKI,PA28 6NN
MAKI,PA28 6NP
MAKI,PA28 6NQ
MAKI,PA28 6NR
MAKI,PA28 6NS
MAKI,PA28 6NT
MAKI,PA28 6NW
MAKI,PA28 6NX
MAKI,PA28 6NY
MAKI,PA28 6NZ
MAKI,PA28 6PD
MAKI,PA28 6PE
MAKI,PA28 6PF
MAKI,PA28 6PG
MAKI,PA28 6PH
MAKI,PA28 6PJ
MAKI,PA28 6PL
MAKI,PA28 6PN
MAKI,PA28 6PP
MAKI,PA28 6PQ
MAKI,PA28 6PR
MAKI,PA28 6PS
MAKI,PA28 6PT
MAKI,PA28 6PW
MAKI,PA28 6PX
MAKI,PA28 6PY
MAKI,PA28 6PZ
MAKI,PA28 6QA
MAKI,PA28 6QB
MAKI,PA28 6QD
MAKI,PA28 6QE
MAKI,PA28 6QF
MAKI,PA28 6QG
MAKI,PA28 6QH
MAKI,PA28 6QJ
MAKI,PA28 6QL
MAKI,PA28 6QN
MAKI,PA28 6QP
MAKI,PA28 6QQ
MAKI,PA28 6QR
MAKI,PA28 6QS
MAKI,PA28 6QT
MAKI,PA28 6QU
MAKI,PA28 6QW
MAKI,PA28 6QX
MAKI,PA28 6QY
MAKI,PA28 6QZ
MAKI,PA28 6RA
MAKI,PA28 6RB
MAKI,PA28 6RD
MAKI,PA28 6RE
MAKI,PA28 6RF
MAKI,PA28 6RG
MAKI,PA28 6RH
MAKI,PA28 6RJ
MAKI,PA28 6RL
MAKI,PA28 6RN
MAKI,PA28 6RQ
MAKI,PA28 6RS
MAKI,PA28 6RU
MAKI,PA28 6RW
MAKI,PA28 6RX
MAKI,PA28 6RY
MAKI,PA28 6RZ
MAKI,PA28 6SA
MAKI,PA28 6SB
MAKI,PA28 6SD
MAKI,PA28 6SE
MAKI,PA28 6SF
MAKI,PA28 6SG
MAKI,PA28 6SH
MAKI,PA28 6SJ
MAKI,PA28 6SN
MAKI,PA28 6SQ
MAKI,PA28 6SS
MAKI,PA28 6ST
MAKI,PA28 6SW
MAKI,PA28 6SY
MAKI,PA28 6SZ
MAKI,PA28 6TA
MAKI,PA28 6TB
MAKI,PA28 6TD
MAKI,PA28 6TE
MAKI,PA28 6TF
MAKI,PA28 6TG
MAKI,PA28 6TJ
MAKI,PA28 6TN
MAKI,PA28 6TP
MAKI,PA28 6UG
MAKI,PA29 6AB
MAKI,PA29 6SU
MAKI,PA29 6SX
MAKI,PA29 6SY
MAKI,PA29 6SZ
MAKI,PA29 6TA
MAKI,PA29 6TB
MAKI,PA29 6TD
MAKI,PA29 6TE
MAKI,PA29 6TF
MAKI,PA29 6TG
MAKI,PA29 6TH
MAKI,PA29 6TJ
MAKI,PA29 6TL
MAKI,PA29 6TN
MAKI,PA29 6TQ
MAKI,PA29 6TR
MAKI,PA29 6TS
MAKI,PA29 6TT
MAKI,PA29 6TU
MAKI,PA29 6TW
MAKI,PA29 6TX
MAKI,PA29 6TY
MAKI,PA29 6UA
MAKI,PA29 6UB
MAKI,PA29 6UD
MAKI,PA29 6UE
MAKI,PA29 6UF
MAKI,PA29 6UG
MAKI,PA29 6UH
MAKI,PA29 6UJ
MAKI,PA29 6UL
MAKI,PA29 6UN
MAKI,PA29 6UP
MAKI,PA29 6UQ
MAKI,PA29 6UR
MAKI,PA29 6UT
MAKI,PA29 6UW
MAKI,PA29 6UX
MAKI,PA29 6UZ
MAKI,PA29 6WA
MAKI,PA29 6WL
MAKI,PA29 6XB
MAKI,PA29 6XD
MAKI,PA29 6XE
MAKI,PA29 6XF
MAKI,PA29 6XG
MAKI,PA29 6XH
MAKI,PA29 6XJ
MAKI,PA29 6XL
MAKI,PA29 6XN
MAKI,PA29 6XP
MAKI,PA29 6XQ
MAKI,PA29 6XR
MAKI,PA29 6XS
MAKI,PA29 6XT
MAKI,PA29 6XU
MAKI,PA29 6XW
MAKI,PA29 6XX
MAKI,PA29 6XY
MAKI,PA29 6XZ
MAKI,PA29 6YA
MAKI,PA29 6YB
MAKI,PA29 6YD
MAKI,PA29 6YE
MAKI,PA29 6YF
MAKI,PA29 6YG
MAKI,PA29 6YH
MAKI,PA29 6YJ
MAKI,PA29 6YL
MAKI,PA29 6YN
MAKI,PA29 6YP
MAKI,PA29 6YQ
MAKI,PA29 6YW
MAKI,PA29 6YX
MAKI,PA30 8AB
MAKI,PA30 8DU
MAKI,PA30 8DX
MAKI,PA30 8DY
MAKI,PA30 8DZ
MAKI,PA30 8EA
MAKI,PA30 8EB
MAKI,PA30 8ED
MAKI,PA30 8EE
MAKI,PA30 8EF
MAKI,PA30 8EG
MAKI,PA30 8EH
MAKI,PA30 8EJ
MAKI,PA30 8EL
MAKI,PA30 8EN
MAKI,PA30 8EP
MAKI,PA30 8EQ
MAKI,PA30 8ER
MAKI,PA30 8ES
MAKI,PA30 8ET
MAKI,PA30 8EU
MAKI,PA30 8EW
MAKI,PA30 8EX
MAKI,PA30 8EY
MAKI,PA30 8EZ
MAKI,PA30 8FB
MAKI,PA30 8HA
MAKI,PA30 8HB
MAKI,PA30 8HD
MAKI,PA30 8HE
MAKI,PA30 8HF
MAKI,PA30 8HG
MAKI,PA30 8HH
MAKI,PA30 8HJ
MAKI,PA30 8HL
MAKI,PA30 8HP
MAKI,PA30 8HQ
MAKI,PA30 8HR
MAKI,PA30 8HS
MAKI,PA30 8HT
MAKI,PA30 8HU
MAKI,PA30 8HX
MAKI,PA30 8HZ
MAKI,PA31 8AA
MAKI,PA31 8AB
MAKI,PA31 8AE
MAKI,PA31 8AF
MAKI,PA31 8AG
MAKI,PA31 8AH
MAKI,PA31 8AJ
MAKI,PA31 8AL
MAKI,PA31 8BA
MAKI,PA31 8JA
MAKI,PA31 8JB
MAKI,PA31 8JF
MAKI,PA31 8JL
MAKI,PA31 8JN
MAKI,PA31 8JP
MAKI,PA31 8JQ
MAKI,PA31 8JR
MAKI,PA31 8JS
MAKI,PA31 8JT
MAKI,PA31 8JU
MAKI,PA31 8JW
MAKI,PA31 8LA
MAKI,PA31 8LB
MAKI,PA31 8LE
MAKI,PA31 8LF
MAKI,PA31 8LG
MAKI,PA31 8LH
MAKI,PA31 8LJ
MAKI,PA31 8LP
MAKI,PA31 8LR
MAKI,PA31 8LS
MAKI,PA31 8LU
MAKI,PA31 8LZ
MAKI,PA31 8NE
MAKI,PA31 8NG
MAKI,PA31 8NH
MAKI,PA31 8NJ
MAKI,PA31 8NL
MAKI,PA31 8NN
MAKI,PA31 8NP
MAKI,PA31 8NQ
MAKI,PA31 8NR
MAKI,PA31 8NS
MAKI,PA31 8NT
MAKI,PA31 8NU
MAKI,PA31 8NW
MAKI,PA31 8NX
MAKI,PA31 8NY
MAKI,PA31 8NZ
MAKI,PA31 8PA
MAKI,PA31 8PD
MAKI,PA31 8PE
MAKI,PA31 8PG
MAKI,PA31 8PH
MAKI,PA31 8PJ
MAKI,PA31 8PL
MAKI,PA31 8PN
MAKI,PA31 8PP
MAKI,PA31 8PQA
MAKI,PA31 8PQB
MAKI,PA31 8PR
MAKI,PA31 8PS
MAKI,PA31 8PTA
MAKI,PA31 8PTB
MAKI,PA31 8PU
MAKI,PA31 8PW
MAKI,PA31 8PX
MAKI,PA31 8PY
MAKI,PA31 8PZ
MAKI,PA31 8QA
MAKI,PA31 8QB
MAKI,PA31 8QD
MAKI,PA31 8QE
MAKI,PA31 8QF
MAKI,PA31 8QG
MAKI,PA31 8QH
MAKI,PA31 8QJ
MAKI,PA31 8QL
MAKI,PA31 8QN
MAKI,PA31 8QP
MAKI,PA31 8QQ
MAKI,PA31 8QR
MAKI,PA31 8QS
MAKI,PA31 8QW
MAKI,PA31 8QX
MAKI,PA31 8QY
MAKI,PA31 8QZ
MAKI,PA31 8RA
MAKI,PA31 8RE
MAKI,PA31 8RG
MAKI,PA31 8RH
MAKI,PA31 8RJ
MAKI,PA31 8RL
MAKI,PA31 8RN
MAKI,PA31 8RQ
MAKI,PA31 8RR
MAKI,PA31 8RU
MAKI,PA31 8RW
MAKI,PA31 8RX
MAKI,PA31 8RY
MAKI,PA31 8RZ
MAKI,PA31 8SB
MAKI,PA31 8SD
MAKI,PA31 8SE
MAKI,PA31 8SF
MAKI,PA31 8SG
MAKI,PA31 8SJ
MAKI,PA31 8SN
MAKI,PA31 8SP
MAKI,PA31 8SQ
MAKI,PA31 8SS
MAKI,PA31 8SU
MAKI,PA31 8SWA
MAKI,PA31 8SWB
MAKI,PA31 8SX
MAKI,PA31 8SY
MAKI,PA31 8SZ
MAKI,PA31 8TA
MAKI,PA31 8TB
MAKI,PA31 8TD
MAKI,PA31 8TE
MAKI,PA31 8TF
MAKI,PA31 8TG
MAKI,PA31 8TJ
MAKI,PA31 8TN
MAKI,PA31 8TP
MAKI,PA31 8TQ
MAKI,PA31 8TR
MAKI,PA31 8TS
MAKI,PA31 8TT
MAKI,PA31 8TW
MAKI,PA31 8TX
MAKI,PA31 8TZ
MAKI,PA31 8UAA
MAKI,PA31 8UAB
MAKI,PA31 8UB
MAKI,PA31 8UE
MAKI,PA31 8UF
MAKI,PA31 8UG
MAKI,PA31 8UH
MAKI,PA31 8UJ
MAKI,PA31 8UL
MAKI,PA31 8UN
MAKI,PA31 8UP
MAKI,PA31 8UR
MAKI,PA31 8US
MAKI,PA31 8UT
MAKI,PA31 8UU
MAKI,PA31 8UW
MAKI,PA31 8UX
MAKI,PA31 8UY
MAKI,PA31 8UZ
MAKI,PA31 8WD
MAKI,PA31 8WE
MAKI,PA31 8WF
MAKI,PA31 8WG
MAKI,PA31 8WH
MAKI,PA31 8WJ
MAKI,PA31 8WR
MAKI,PA31 8ZR
MAKI,PA31 8ZS
MAKI,PA31 8ZT
MAKI,PA32 8TP
MAKI,PA32 8TU
MAKI,PA32 8TW
MAKI,PA32 8TX
MAKI,PA32 8UA
MAKI,PA32 8UB
MAKI,PA32 8UD
MAKI,PA32 8UE
MAKI,PA32 8UG
MAKI,PA32 8UH
MAKI,PA32 8UL
MAKI,PA32 8UN
MAKI,PA32 8UP
MAKI,PA32 8UQ
MAKI,PA32 8UR
MAKI,PA32 8UT
MAKI,PA32 8UW
MAKI,PA32 8UX
MAKI,PA32 8UY
MAKI,PA32 8XA
MAKI,PA32 8XD
MAKI,PA32 8XF
MAKI,PA32 8XG
MAKI,PA32 8XH
MAKI,PA32 8XJ
MAKI,PA32 8XN
MAKI,PA32 8XP
MAKI,PA32 8XQ
MAKI,PA32 8XR
MAKI,PA32 8XS
MAKI,PA32 8XT
MAKI,PA32 8XU
MAKI,PA32 8XW
MAKI,PA32 8XX
MAKI,PA32 8XY
MAKI,PA32 8XZ
MAKI,PA32 8YA
MAKI,PA32 8YB
MAKI,PA32 8YD
MAKI,PA32 8YE
MAKI,PA32 8YF
MAKI,PA32 8YG
MAKI,PA32 8YN
MAKI,PA32 8YP
MAKI,PA32 8YQ
MAKI,PA32 8YX
MAKI,PA32 8YY
OLI,PA33 1AA
OLI,PA33 1AE
OLI,PA33 1AH
OLI,PA33 1AJ
OLI,PA33 1AL
OLI,PA33 1AP
OLI,PA33 1AQ
OLI,PA33 1AR
OLI,PA33 1AS
OLI,PA33 1AT
OLI,PA33 1AU
OLI,PA33 1AWA
OLI,PA33 1AWB
OLI,PA33 1AX
OLI,PA33 1AZ
OLI,PA33 1BA
OLI,PA33 1BB
OLI,PA33 1BD
OLI,PA33 1BE
OLI,PA33 1BH
OLI,PA33 1BJ
OLI,PA33 1BL
OLI,PA33 1BP
OLI,PA33 1BQ
OLI,PA33 1BS
OLI,PA33 1BT
OLI,PA33 1BU
OLI,PA33 1BW
OLI,PA33 1BX
OLI,PA33 1BY
OLI,PA34 4AG
OLI,PA34 4AL
OLI,PA34 4AR
OLI,PA34 4AT
OLI,PA34 4AU
OLI,PA34 4AX
OLI,PA34 4AY
OLI,PA34 4AZ
OLI,PA34 4BF
OLI,PA34 4BG
OLI,PA34 4BH
OLI,PA34 4BJ
OLI,PA34 4BL
OLI,PA34 4BN
OLI,PA34 4BQ
OLI,PA34 4BT
OLI,PA34 4BW
OLI,PA34 4BX
OLI,PA34 4BY
OLI,PA34 4DD
OLI,PA34 4DE
OLI,PA34 4DG
OLI,PA34 4DH
OLI,PA34 4DJ
OLI,PA34 4DL
OLI,PA34 4DN
OLI,PA34 4DP
OLI,PA34 4DQ
OLI,PA34 4DR
OLI,PA34 4DX
OLI,PA34 4DY
OLI,PA34 4EB
OLI,PA34 4ED
OLI,PA34 4EE
OLI,PA34 4EG
OLI,PA34 4EH
OLI,PA34 4EJ
OLI,PA34 4EL
OLI,PA34 4EN
OLI,PA34 4EP
OLI,PA34 4EQ
OLI,PA34 4ER
OLI,PA34 4ET
OLI,PA34 4EW
OLI,PA34 4GA
OLI,PA34 4GB
OLI,PA34 4GH
OLI,PA34 4GZ
OLI,PA34 4HA
OLI,PA34 4HB
OLI,PA34 4HD
OLI,PA34 4HF
OLI,PA34 4HG
OLI,PA34 4HJ
OLI,PA34 4HL
OLI,PA34 4HN
OLI,PA34 4HP
OLI,PA34 4HQ
OLI,PA34 4HR
OLI,PA34 4HS
OLI,PA34 4HU
OLI,PA34 4HW
OLI,PA34 4HX
OLI,PA34 4HY
OLI,PA34 4HZ
OLI,PA34 4JA
OLI,PA34 4JE
OLI,PA34 4JF
OLI,PA34 4JG
OLI,PA34 4JH
OLI,PA34 4JJ
OLI,PA34 4JL
OLI,PA34 4JN
OLI,PA34 4JP
OLI,PA34 4JR
OLI,PA34 4JS
OLI,PA34 4JT
OLI,PA34 4JU
OLI,PA34 4JX
OLI,PA34 4JY
OLI,PA34 4JZ
OLI,PA34 4LA
OLI,PA34 4LB
OLI,PA34 4LD
OLI,PA34 4LE
OLI,PA34 4LF
OLI,PA34 4LG
OLI,PA34 4LH
OLI,PA34 4LJ
OLI,PA34 4LL
OLI,PA34 4LQ
OLI,PA34 4LS
OLI,PA34 4LT
OLI,PA34 4LU
OLI,PA34 4LW
OLI,PA34 4LX
OLI,PA34 4LY
OLI,PA34 4LZ
OLI,PA34 4NA
OLI,PA34 4NB
OLI,PA34 4ND
OLI,PA34 4NE
OLI,PA34 4NF
OLI,PA34 4NG
OLI,PA34 4NH
OLI,PA34 4NJ
OLI,PA34 4NL
OLI,PA34 4NN
OLI,PA34 4NP
OLI,PA34 4NQ
OLI,PA34 4NS
OLI,PA34 4NT
OLI,PA34 4NU
OLI,PA34 4NW
OLI,PA34 4NX
OLI,PA34 4PA
OLI,PA34 4PB
OLI,PA34 4PD
OLI,PA34 4PE
OLI,PA34 4PG
OLI,PA34 4PH
OLI,PA34 4PJ
OLI,PA34 4PL
OLI,PA34 4PP
OLI,PA34 4PU
OLI,PA34 4QA
OLI,PA34 4QB
OLI,PA34 4QE
OLI,PA34 4QH
OLI,PA34 4QJ
OLI,PA34 4QL
OLI,PA34 4QP
OLI,PA34 4QR
OLI,PA34 4QS
OLI,PA34 4QT
OLI,PA34 4QU
OLI,PA34 4QY
OLI,PA34 4QZ
OLI,PA34 4RA
OLI,PA34 4RB
OLI,PA34 4RD
OLI,PA34 4RF
OLI,PA34 4RG
OLI,PA34 4RH
OLI,PA34 4RJ
OLI,PA34 4RL
OLI,PA34 4RN
OLI,PA34 4RP
OLI,PA34 4RQ
OLI,PA34 4RR
OLI,PA34 4RS
OLI,PA34 4RT
OLI,PA34 4RU
OLI,PA34 4RW
OLI,PA34 4RX
OLI,PA34 4RY
OLI,PA34 4SA
OLI,PA34 4SB
OLI,PA34 4SD
OLI,PA34 4SE
OLI,PA34 4SF
OLI,PA34 4SH
OLI,PA34 4SX
OLI,PA34 4SZ
OLI,PA34 4TB
OLI,PA34 4TE
OLI,PA34 4TF
OLI,PA34 4TG
OLI,PA34 4TH
OLI,PA34 4TJ
OLI,PA34 4TL
OLI,PA34 4TN
OLI,PA34 4TP
OLI,PA34 4TR
OLI,PA34 4TU
OLI,PA34 4TW
OLI,PA34 4TX
OLI,PA34 4TY
OLI,PA34 4TZ
OLI,PA34 4UA
OLI,PA34 4UB
OLI,PA34 4UD
OLI,PA34 4UE
OLI,PA34 4UF
OLI,PA34 4UG
OLI,PA34 4UH
OLI,PA34 4UT
OLI,PA34 4UU
OLI,PA34 4UX
OLI,PA34 4UY
OLI,PA34 4XA
OLI,PA34 4XB
OLI,PA34 4XD
OLI,PA34 4XE
OLI,PA34 4XF
OLI,PA34 4XH
OLI,PA34 4XQ
OLI,PA34 4XR
OLI,PA34 4XS
OLI,PA34 4XT
OLI,PA34 4XU
OLI,PA34 4XX
OLI,PA34 4XZ
OLI,PA34 4YA
OLI,PA34 4YB
OLI,PA34 4YD
OLI,PA34 4YE
OLI,PA34 4YF
OLI,PA34 4YG
OLI,PA34 4YH
OLI,PA34 4YL
OLI,PA34 4YN
OLI,PA34 4YQ
OLI,PA34 5AB
OLI,PA34 5AH
OLI,PA34 5AJ
OLI,PA34 5AL
OLI,PA34 5AN
OLI,PA34 5AP
OLI,PA34 5AQ
OLI,PA34 5AR
OLI,PA34 5AS
OLI,PA34 5AT
OLI,PA34 5AU
OLI,PA34 5AW
OLI,PA34 5AX
OLI,PA34 5AY
OLI,PA34 5BA
OLI,PA34 5BB
OLI,PA34 5BD
OLI,PA34 5BG
OLI,PA34 5BQ
OLI,PA34 5DD
OLI,PA34 5DE
OLI,PA34 5DF
OLI,PA34 5DG
OLI,PA34 5DH
OLI,PA34 5DJ
OLI,PA34 5DL
OLI,PA34 5DN
OLI,PA34 5DP
OLI,PA34 5DQ
OLI,PA34 5DR
OLI,PA34 5DS
OLI,PA34 5DT
OLI,PA34 5DU
OLI,PA34 5DW
OLI,PA34 5DX
OLI,PA34 5DY
OLI,PA34 5DZ
OLI,PA34 5EA
OLI,PA34 5EB
OLI,PA34 5ED
OLI,PA34 5EF
OLI,PA34 5EG
OLI,PA34 5EH
OLI,PA34 5EJ
OLI,PA34 5EQ
OLI,PA34 5JA
OLI,PA34 5JD
OLI,PA34 5JE
OLI,PA34 5JF
OLI,PA34 5JG
OLI,PA34 5JJ
OLI,PA34 5JL
OLI,PA34 5JN
OLI,PA34 5JP
OLI,PA34 5JQ
OLI,PA34 5JR
OLI,PA34 5JS
OLI,PA34 5JT
OLI,PA34 5JU
OLI,PA34 5JW
OLI,PA34 5JX
OLI,PA34 5JY
OLI,PA34 5JZ
OLI,PA34 5NA
OLI,PA34 5NH
OLI,PA34 5NJ
OLI,PA34 5NN
OLI,PA34 5NP
OLI,PA34 5NR
OLI,PA34 5NS
OLI,PA34 5NT
OLI,PA34 5NX
OLI,PA34 5NY
OLI,PA34 5NZ
OLI,PA34 5PA
OLI,PA34 5PB
OLI,PA34 5PD
OLI,PA34 5PE
OLI,PA34 5PF
OLI,PA34 5PG
OLI,PA34 5PH
OLI,PA34 5PJ
OLI,PA34 5PN
OLI,PA34 5PQ
OLI,PA34 5PS
OLI,PA34 5PT
OLI,PA34 5PU
OLI,PA34 5PW
OLI,PA34 5PX
OLI,PA34 5PZ
OLI,PA34 5QD
OLI,PA34 5QE
OLI,PA34 5RS
OLI,PA34 5RU
OLI,PA34 5RX
OLI,PA34 5SB
OLI,PA34 5SD
OLI,PA34 5SG
OLI,PA34 5SJ
OLI,PA34 5SP
OLI,PA34 5SQ
OLI,PA34 5TA
OLI,PA34 5TB
OLI,PA34 5TG
OLI,PA34 5TN
OLI,PA34 5TQ
OLI,PA34 5TT
OLI,PA34 5TU
OLI,PA34 5TX
OLI,PA34 5TY
OLI,PA34 5UG
OLI,PA34 5UH
OLI,PA34 5UJ
OLI,PA34 5UL
OLI,PA34 5UN
OLI,PA34 5UQ
OLI,PA35 1AG
OLI,PA35 1HD
OLI,PA35 1HE
OLI,PA35 1HF
OLI,PA35 1HG
OLI,PA35 1HH
OLI,PA35 1HJ
OLI,PA35 1HL
OLI,PA35 1HN
OLI,PA35 1HP
OLI,PA35 1HR
OLI,PA35 1HS
OLI,PA35 1HT
OLI,PA35 1HU
OLI,PA35 1HW
OLI,PA35 1HY
OLI,PA35 1HZ
OLI,PA35 1JA
OLI,PA35 1JB
OLI,PA35 1JD
OLI,PA35 1JE
OLI,PA35 1JF
OLI,PA35 1JG
OLI,PA35 1JH
OLI,PA35 1JJ
OLI,PA35 1JL
OLI,PA35 1JN
OLI,PA35 1JP
OLI,PA35 1JQ
OLI,PA35 1JR
OLI,PA35 1JS
OLI,PA35 1JT
OLI,PA35 1JU
OLI,PA35 1JW
OLI,PA35 1JX
OLI,PA35 1JY
OLI,PA36 4AD
OLI,PA36 4AE
OLI,PA36 4AF
OLI,PA36 4AG
OLI,PA36 4AH
OLI,PA36 4AQ
OLI,PA37 1NT
OLI,PA37 1NW
OLI,PA37 1NX
OLI,PA37 1NY
OLI,PA37 1PA
OLI,PA37 1PD
OLI,PA37 1PE
OLI,PA37 1PF
OLI,PA37 1PG
OLI,PA37 1PH
OLI,PA37 1PJ
OLI,PA37 1PL
OLI,PA37 1PN
OLI,PA37 1PP
OLI,PA37 1PQ
OLI,PA37 1PR
OLI,PA37 1PT
OLI,PA37 1PU
OLI,PA37 1PW
OLI,PA37 1PX
OLI,PA37 1PY
OLI,PA37 1PZ
OLI,PA37 1QB
OLI,PA37 1QD
OLI,PA37 1QE
OLI,PA37 1QF
OLI,PA37 1QG
OLI,PA37 1QH
OLI,PA37 1QJ
OLI,PA37 1QL
OLI,PA37 1QN
OLI,PA37 1QP
OLI,PA37 1QQ
OLI,PA37 1QR
OLI,PA37 1QS
OLI,PA37 1QT
OLI,PA37 1QU
OLI,PA37 1QX
OLI,PA37 1QY
OLI,PA37 1QZ
OLI,PA37 1RA
OLI,PA37 1RD
OLI,PA37 1RE
OLI,PA37 1RF
OLI,PA37 1RG
OLI,PA37 1RH
OLI,PA37 1RJ
OLI,PA37 1RL
OLI,PA37 1RN
OLI,PA37 1RQ
OLI,PA37 1RR
OLI,PA37 1RT
OLI,PA37 1RW
OLI,PA37 1RX
OLI,PA37 1RY
OLI,PA37 1RZ
OLI,PA37 1SA
OLI,PA37 1SB
OLI,PA37 1SD
OLI,PA37 1SE
OLI,PA37 1SF
OLI,PA37 1SG
OLI,PA37 1SJ
OLI,PA37 1SL
OLI,PA37 1SN
OLI,PA37 1SP
OLI,PA37 1SQ
OLI,PA37 1SR
OLI,PA37 1SS
OLI,PA37 1ST
OLI,PA37 1SU
OLI,PA37 1SW
OLI,PA37 1SX
OLI,PA37 1SY
OLI,PA37 1TD
OLI,PA37 1TP
OLI,PA37 1TX
OLI,PA38 4BA
OLI,PA38 4BB
OLI,PA38 4BD
OLI,PA38 4BE
OLI,PA38 4BG
OLI,PA38 4BH
OLI,PA38 4BJ
OLI,PA38 4BLA
OLI,PA38 4BLB
OLI,PA38 4BN
OLI,PA38 4BQ
OLI,PA38 4DB
OLI,PA38 4DD
OLI,PA38 4DE
OLI,PA38 4DG
OLI,PA38 4DH
OLI,PA38 4DL
OLI,PA38 4DN
OLI,PA38 4DQ
OLI,PA38 4DR
OLI,PA38 4DS
MAKI,PA41 7AA
MAKI,PA41 7AB
MAKI,PA41 7AD
MAKI,PA41 7AE
MAKI,PA41 7AG
MAKI,PA42 7AF
MAKI,PA42 7AH
MAKI,PA42 7AL
MAKI,PA42 7AQ
MAKI,PA42 7AS
MAKI,PA42 7AT
MAKI,PA42 7AU
MAKI,PA42 7AW
MAKI,PA42 7AX
MAKI,PA42 7AZ
MAKI,PA42 7BA
MAKI,PA42 7BD
MAKI,PA42 7BF
MAKI,PA42 7BG
MAKI,PA42 7BH
MAKI,PA42 7BJ
MAKI,PA42 7BL
MAKI,PA42 7BN
MAKI,PA42 7BP
MAKI,PA42 7BQ
MAKI,PA42 7BT
MAKI,PA42 7BU
MAKI,PA42 7BW
MAKI,PA42 7BX
MAKI,PA42 7BY
MAKI,PA42 7BZ
MAKI,PA42 7DA
MAKI,PA42 7DB
MAKI,PA42 7DD
MAKI,PA42 7DE
MAKI,PA42 7DF
MAKI,PA42 7DH
MAKI,PA42 7DJ
MAKI,PA42 7DP
MAKI,PA42 7DR
MAKI,PA42 7DS
MAKI,PA42 7DU
MAKI,PA42 7DX
MAKI,PA42 7DY
MAKI,PA42 7EA
MAKI,PA42 7ED
MAKI,PA42 7EF
MAKI,PA42 7EG
MAKI,PA42 7EH
MAKI,PA42 7EJ
MAKI,PA42 7EL
MAKI,PA42 7EP
MAKI,PA42 7ER
MAKI,PA43 7HL
MAKI,PA43 7HR
MAKI,PA43 7HS
MAKI,PA43 7HT
MAKI,PA43 7HU
MAKI,PA43 7HX
MAKI,PA43 7HY
MAKI,PA43 7HZ
MAKI,PA43 7JA
MAKI,PA43 7JB
MAKI,PA43 7JE
MAKI,PA43 7JF
MAKI,PA43 7JG
MAKI,PA43 7JH
MAKI,PA43 7JJ
MAKI,PA43 7JP
MAKI,PA43 7JQ
MAKI,PA43 7JS
MAKI,PA43 7JW
MAKI,PA43 7JX
MAKI,PA43 7JY
MAKI,PA43 7LA
MAKI,PA43 7LB
MAKI,PA43 7LG
MAKI,PA43 7LH
MAKI,PA43 7LL
MAKI,PA43 7LN
MAKI,PA43 7LP
MAKI,PA43 7LW
MAKI,PA44 7NY
MAKI,PA44 7NZ
MAKI,PA44 7PA
MAKI,PA44 7PD
MAKI,PA44 7PF
MAKI,PA44 7PG
MAKI,PA44 7PL
MAKI,PA44 7PN
MAKI,PA44 7PP
MAKI,PA44 7PQ
MAKI,PA44 7PR
MAKI,PA44 7PS
MAKI,PA44 7PT
MAKI,PA44 7PU
MAKI,PA44 7PW
MAKI,PA44 7PX
MAKI,PA44 7PY
MAKI,PA44 7PZ
MAKI,PA45 7QL
MAKI,PA45 7QN
MAKI,PA45 7QP
MAKI,PA45 7QR
MAKI,PA45 7QT
MAKI,PA45 7QW
MAKI,PA46 7RB
MAKI,PA46 7RE
MAKI,PA46 7RF
MAKI,PA46 7RG
MAKI,PA46 7RJ
MAKI,PA46 7RN
MAKI,PA46 7RQ
MAKI,PA46 7RR
MAKI,PA46 7RS
MAKI,PA46 7RT
MAKI,PA46 7RU
MAKI,PA46 7RW
MAKI,PA47 7SG
MAKI,PA47 7SH
MAKI,PA47 7SJ
MAKI,PA47 7SL
MAKI,PA47 7SN
MAKI,PA47 7SP
MAKI,PA47 7SQ
MAKI,PA47 7SR
MAKI,PA47 7SS
MAKI,PA47 7ST
MAKI,PA47 7SU
MAKI,PA47 7SW
MAKI,PA47 7SX
MAKI,PA47 7SY
MAKI,PA47 7SZ
MAKI,PA48 7TL
MAKI,PA48 7TN
MAKI,PA48 7TP
MAKI,PA48 7TR
MAKI,PA48 7TS
MAKI,PA48 7TT
MAKI,PA48 7TW
MAKI,PA48 7TX
MAKI,PA48 7TY
MAKI,PA48 7UA
MAKI,PA48 7UB
MAKI,PA48 7UD
MAKI,PA48 7UE
MAKI,PA48 7UF
MAKI,PA48 7UG
MAKI,PA49 7UN
MAKI,PA49 7UR
MAKI,PA49 7UT
MAKI,PA49 7UU
MAKI,PA49 7UX
MAKI,PA49 7UY
MAKI,PA60 7XA
MAKI,PA60 7XB
MAKI,PA60 7XD
MAKI,PA60 7XF
MAKI,PA60 7XG
MAKI,PA60 7XH
MAKI,PA60 7XJ
MAKI,PA60 7XL
MAKI,PA60 7XP
MAKI,PA60 7XQ
MAKI,PA60 7XR
MAKI,PA60 7XS
MAKI,PA60 7XW
MAKI,PA60 7XX
MAKI,PA60 7XY
MAKI,PA60 7XZ
MAKI,PA60 7YA
MAKI,PA61 7YN
MAKI,PA61 7YR
MAKI,PA61 7YS
MAKI,PA61 7YT
MAKI,PA61 7YU
MAKI,PA61 7YW
MAKI,PA61 7YZ
OLI,PA62 6AA
OLI,PA63 6AH
OLI,PA64 6AP
OLI,PA65 6AY
OLI,PA65 6AZ
OLI,PA65 6BA
OLI,PA65 6BD
OLI,PA65 6BE
OLI,PA65 6BG
OLI,PA65 6BH
OLI,PA66 6BH
OLI,PA66 6BL
OLI,PA66 6BNA
OLI,PA66 6BNB
OLI,PA66 6BP
OLI,PA66 6BS
OLI,PA66 6BT
OLI,PA66 6BU
OLI,PA66 6BW
OLI,PA67 6DA
OLI,PA67 6DB
OLI,PA67 6DG
OLI,PA67 6DH
OLI,PA67 6DJ
OLI,PA67 6DL
OLI,PA67 6DN
OLI,PA67 6DP
OLI,PA67 6DQ
OLI,PA67 6DR
OLI,PA67 6DS
OLI,PA67 6DT
OLI,PA67 6DU
OLI,PA67 6DW
OLI,PA67 6DX
OLI,PA68 6EH
OLI,PA68 6EJ
OLI,PA68 6EL
OLI,PA69 6ER
OLI,PA69 6ES
OLI,PA69 6ET
OLI,PA69 6EU
OLI,PA70 6HB
OLI,PA70 6HD
OLI,PA70 6HE
OLI,PA70 6HF
OLI,PA70 6HG
OLI,PA70 6HQ
OLI,PA71 6HR
OLI,PA71 6HS
OLI,PA71 6HT
OLI,PA71 6HU
OLI,PA72 6JB
OLI,PA72 6JD
OLI,PA72 6JF
OLI,PA72 6JG
OLI,PA72 6JH
OLI,PA72 6JJ
OLI,PA72 6JL
OLI,PA72 6JN
OLI,PA72 6JP
OLI,PA72 6JR
OLI,PA72 6JS
OLI,PA72 6JU
OLI,PA72 6JY
OLI,PA72 6JZ
OLI,PA72 6LA
OLI,PA72 6LB
OLI,PA73 6LT
OLI,PA73 6LU
OLI,PA73 6LX
OLI,PA73 6LY
OLI,PA73 6LZ
OLI,PA73 6NA
OLI,PA74 6NH
OLI,PA75 6AB
OLI,PA75 6AD
OLI,PA75 6AE
OLI,PA75 6AF
OLI,PA75 6AG
OLI,PA75 6AH
OLI,PA75 6GN
OLI,PA75 6NQ
OLI,PA75 6NR
OLI,PA75 6NT
OLI,PA75 6NU
OLI,PA75 6PA
OLI,PA75 6PB
OLI,PA75 6PD
OLI,PA75 6PE
OLI,PA75 6PF
OLI,PA75 6PG
OLI,PA75 6PH
OLI,PA75 6PJ
OLI,PA75 6PL
OLI,PA75 6PN
OLI,PA75 6PQ
OLI,PA75 6PR
OLI,PA75 6PS
OLI,PA75 6PT
OLI,PA75 6PU
OLI,PA75 6PX
OLI,PA75 6PY
OLI,PA75 6PZ
OLI,PA75 6QA
OLI,PA75 6QB
OLI,PA75 6QD
OLI,PA75 6QE
OLI,PA75 6QF
OLI,PA75 6QG
OLI,PA75 6QH
OLI,PA75 6QJ
OLI,PA75 6QL
OLI,PA75 6QN
OLI,PA75 6QP
OLI,PA75 6QQ
OLI,PA75 6QR
OLI,PA75 6QS
OLI,PA75 6QT
OLI,PA75 6QU
OLI,PA75 6QW
OLI,PA75 6QX
OLI,PA75 6QY
OLI,PA75 6QZ
OLI,PA75 6RA
OLI,PA75 6RB
OLI,PA75 6RD
OLI,PA75 6RF
OLI,PA75 6RS
OLI,PA76 6SJ
OLI,PA76 6SP
OLI,PA76 6SW
OLI,PA77 6AB
OLI,PA77 6TN
OLI,PA77 6TP
OLI,PA77 6TR
OLI,PA77 6TS
OLI,PA77 6TT
OLI,PA77 6TW
OLI,PA77 6TX
OLI,PA77 6TY
OLI,PA77 6TZ
OLI,PA77 6UA
OLI,PA77 6UB
OLI,PA77 6UD
OLI,PA77 6UE
OLI,PA77 6UF
OLI,PA77 6UG
OLI,PA77 6UH
OLI,PA77 6UL
OLI,PA77 6UN
OLI,PA77 6UP
OLI,PA77 6UQ
OLI,PA77 6UR
OLI,PA77 6UT
OLI,PA77 6UU
OLI,PA77 6UX
OLI,PA77 6UY
OLI,PA77 6UZ
OLI,PA77 6XA
OLI,PA77 6XB
OLI,PA77 6XD
OLI,PA77 6XE
OLI,PA77 6XF
OLI,PA77 6XG
OLI,PA77 6XH
OLI,PA77 6XJ
OLI,PA77 6XL
OLI,PA77 6XQ
OLI,PA78 6SY
OLI,PA78 6TA
OLI,PA78 6TB
OLI,PA78 6TE
