Maryfield,DD1 1DD
Maryfield,DD1 1DD
Maryfield,DD1 1DU
Maryfield,DD1 1DY
Maryfield,DD1 1EF
Maryfield,DD1 1EG
Maryfield,DD1 1DH
Maryfield,DD1 1DH
Maryfield,DD1 1DJ
Maryfield,DD1 1DT
Maryfield,DD1 1EP
Maryfield,DD1 1EQ
Maryfield,DD1 1ES
Maryfield,DD1 1ES
Maryfield,DD1 1DJ
West End,DD1 1DP
West End,DD1 1DP
Maryfield,DD1 1DQ
Maryfield,DD1 1EL
Maryfield,DD1 1EN
Maryfield,DD1 1ET
Maryfield,DD1 1EX
Maryfield,DD1 1AD
Maryfield,DD1 1DQ
Maryfield,DD1 1EG
Maryfield,DD1 1EJ
Maryfield,DD1 1EL
Maryfield,DD1 1EY
Maryfield,DD1 1EZ
Maryfield,DD1 1HH
Maryfield,DD1 1HN
Coldside,DD1 1JB
Maryfield,DD1 1JD
Maryfield,DD1 1JF
Coldside,DD1 1JN
Coldside,DD1 1LD
Coldside,DD1 1LE
Maryfield,DD1 1LF
Maryfield,DD1 1HA
Maryfield,DD1 1HU
Maryfield,DD1 1HU
Maryfield,DD1 1HX
Coldside,DD1 1HY
Maryfield,DD1 1JJ
Maryfield,DD1 1JJ
Coldside,DD1 1JT
Coldside,DD1 1JU
Maryfield,DD1 1LN
Maryfield,DD1 1LP
West End,DD1 1LQ
Maryfield,DD1 1NA
Coldside,DD1 1HN
Maryfield,DD1 1HP
Maryfield,DD1 1HS
Maryfield,DD1 1HZ
Coldside,DD1 1JR
Coldside,DD1 1JR
Coldside,DD1 1JS
Coldside,DD1 1LA
Maryfield,DD1 1HA
Maryfield,DD1 1HD
West End,DD1 1HE
Maryfield,DD1 1HF
Coldside,DD1 1HZ
Maryfield,DD1 1JF
Maryfield,DD1 1JG
Coldside,DD1 1JH
Coldside,DD1 1JX
Coldside,DD1 1JZ
Maryfield,DD1 1LH
Maryfield,DD1 1LL
Maryfield,DD1 1NB
Maryfield,DD1 1ND
Maryfield,DD1 1NE
Maryfield,DD1 1NF
West End,DD1 1NZ
West End,DD1 1PA
West End,DD1 1PB
West End,DD1 1PD
Maryfield,DD1 1LX
Maryfield,DD1 1LY
Maryfield,DD1 1LZ
Maryfield,DD1 1NG
West End,DD1 1NQ
West End,DD1 1NR
West End,DD1 1NU
West End,DD1 1NW
West End,DD1 1PE
West End,DD1 1PF
Maryfield,DD1 1LQ
Maryfield,DD1 1LW
Maryfield,DD1 1NH
West End,DD1 1NJ
West End,DD1 1NJ
West End,DD1 1NP
Maryfield,DD1 1PJ
Maryfield,DD1 1PS
West End,DD1 1PT
West End,DD1 1PT
West End,DD1 1QN
Maryfield,DD1 1QP
Maryfield,DD1 1QQ
West End,DD1 1RF
Maryfield,DD1 1SB
Maryfield,DD1 1SD
Maryfield,DD1 1SE
Maryfield,DD1 1SF
Maryfield,DD1 1TB
Maryfield,DD1 1TB
Maryfield,DD1 1PL
Maryfield,DD1 1PN
Maryfield,DD1 1PX
Maryfield,DD1 1PZ
Maryfield,DD1 1QA
Maryfield,DD1 1QF
Maryfield,DD1 1PG
Maryfield,DD1 1PG
Maryfield,DD1 1PJ
Maryfield,DD1 1PJ
Maryfield,DD1 1PU
Maryfield,DD1 1PW
Maryfield,DD1 1QJ
Maryfield,DD1 1QL
Maryfield,DD1 1RG
Maryfield,DD1 1RH
Maryfield,DD1 1RL
Maryfield,DD1 1RR
Maryfield,DD1 1SF
Maryfield,DD1 1SX
Maryfield,DD1 1SZ
Maryfield,DD1 1TA
Maryfield,DD1 1PQ
Maryfield,DD1 1PQ
Maryfield,DD1 1PR
Maryfield,DD1 1PW
West End,DD1 1QR
Maryfield,DD1 1QT
Maryfield,DD1 1QW
Maryfield,DD1 1RE
Maryfield,DD1 1RX
Maryfield,DD1 1SA
Maryfield,DD1 1SG
Maryfield,DD1 1SH
Maryfield,DD1 1TR
Maryfield,DD1 1TS
Maryfield,DD1 1TY
Maryfield,DD1 1UE
West End,DD1 1RF
Maryfield,DD1 1RR
Maryfield,DD1 1RT
Maryfield,DD1 1RW
Maryfield,DD1 1SL
Maryfield,DD1 1SP
Maryfield,DD1 1SS
Maryfield,DD1 1TD
Maryfield,DD1 2AA
Maryfield,DD1 2AB
Coldside,DD1 2AD
Maryfield,DD1 2AF
Maryfield,DD1 2BW
Maryfield,DD1 2DB
Maryfield,DD1 1UF
Maryfield,DD1 1UG
Maryfield,DD1 2AT
Maryfield,DD1 2AX
Maryfield,DD1 2AZ
Maryfield,DD1 2BB
Maryfield,DD1 2EE
Maryfield,DD1 2EN
Maryfield,DD1 2EQ
Maryfield,DD1 2ER
Maryfield,DD1 2HF
Maryfield,DD1 2HJ
Maryfield,DD1 2HL
Maryfield,DD1 2HW
Maryfield,DD1 2JU
Maryfield,DD1 2JW
Maryfield,DD1 2JY
Maryfield,DD1 2LE
Maryfield,DD1 2AJ
Maryfield,DD1 2BE
Maryfield,DD1 2BG
Maryfield,DD1 2BU
Maryfield,DD1 1UH
Maryfield,DD1 1UQ
Maryfield,DD1 1UT
Maryfield,DD1 2AP
Maryfield,DD1 2DB
Maryfield,DD1 2DG
Maryfield,DD1 2DZ
Maryfield,DD1 2EA
Maryfield,DD1 2ET
Maryfield,DD1 2EU
Maryfield,DD1 2HB
Maryfield,DD1 2HF
Maryfield,DD1 2JA
Maryfield,DD1 2JB
Maryfield,DD1 2JD
Maryfield,DD1 2JJ
Maryfield,DD1 2LQ
Maryfield,DD1 2LX
Maryfield,DD1 2LZ
Maryfield,DD1 2NA
Maryfield,DD1 2EL
Maryfield,DD1 2EW
Maryfield,DD1 2EX
Maryfield,DD1 2EY
Maryfield,DD1 2HQ
Maryfield,DD1 2HR
Maryfield,DD1 2HS
Maryfield,DD1 2JD
Maryfield,DD1 2EG
Maryfield,DD1 2EH
Maryfield,DD1 2EJ
Maryfield,DD1 2EJ
Maryfield,DD1 2HA
Maryfield,DD1 2HB
Maryfield,DD1 2HN
Maryfield,DD1 2HQ
Maryfield,DD1 2JE
Maryfield,DD1 2JF
Maryfield,DD1 2JH
Maryfield,DD1 2JH
Maryfield,DD1 2NB
Coldside,DD1 2ND
Coldside,DD1 2NF
Coldside,DD1 2NH
Coldside,DD1 2PA
Coldside,DD1 2PB
Coldside,DD1 2PD
Coldside,DD1 2PE
Coldside,DD1 2NN
Coldside,DD1 2NU
Coldside,DD1 2NX
Coldside,DD1 2NY
Coldside,DD1 2PJ
Coldside,DD1 2PL
Coldside,DD1 2PN
Coldside,DD1 2PU
Coldside,DD1 2QH
Coldside,DD1 2QJ
Coldside,DD1 2QN
Maryfield,DD1 3AA
Maryfield,DD1 2JZ
Maryfield,DD1 2JZ
Maryfield,DD1 2LA
Maryfield,DD1 2LB
Coldside,DD1 2NP
Coldside,DD1 2NQ
Coldside,DD1 2NS
Coldside,DD1 2NT
Coldside,DD1 2PF
Coldside,DD1 2NJ
Coldside,DD1 2NJ
Coldside,DD1 2NL
Coldside,DD1 2NZ
Coldside,DD1 2NZ
Coldside,DD1 2PG
Coldside,DD1 2PH
Coldside,DD1 2PX
Coldside,DD1 2PY
Coldside,DD1 2QA
Coldside,DD1 2QG
Maryfield,DD1 3AD
Maryfield,DD1 3AF
Maryfield,DD1 3AG
Maryfield,DD1 3AH
Maryfield,DD1 3AX
Maryfield,DD1 3BF
Maryfield,DD1 3BH
Maryfield,DD1 3BJ
Coldside,DD1 2PR
Coldside,DD1 2PS
Coldside,DD1 2QB
Coldside,DD1 2QD
Maryfield,DD1 3AR
Maryfield,DD1 3AU
Maryfield,DD1 3AW
Maryfield,DD1 3AW
Maryfield,DD1 3BJ
Maryfield,DD1 3BJ
Coldside,DD1 2PP
Coldside,DD1 2PQ
Coldside,DD1 2QE
Coldside,DD1 2QF
Coldside,DD1 2QN
Coldside,DD1 2QQ
Maryfield,DD1 3AN
Maryfield,DD1 3AP
Maryfield,DD1 3AQ
Maryfield,DD1 3AY
Maryfield,DD1 3BN
Maryfield,DD1 3BN
Maryfield,DD1 3BP
Maryfield,DD1 3BQ
Maryfield,DD1 3DE
Maryfield,DD1 3DF
Maryfield,DD1 3DN
Maryfield,DD1 3DP
Maryfield,DD1 3BU
Maryfield,DD1 3BW
Maryfield,DD1 3BW
Maryfield,DD1 3BX
Maryfield,DD1 3DN
Maryfield,DD1 3DU
Maryfield,DD1 3DY
Maryfield,DD1 3DZ
Coldside,DD1 2QW
Maryfield,DD1 2SH
Maryfield,DD1 3AJ
Maryfield,DD1 3AL
Maryfield,DD1 3BA
Maryfield,DD1 3BB
Maryfield,DD1 3BD
Maryfield,DD1 3BE
Maryfield,DD1 3BR
Maryfield,DD1 3DA
Maryfield,DD1 3DD
Maryfield,DD1 3DE
Maryfield,DD1 3DR
Maryfield,DD1 3DS
Maryfield,DD1 3DT
Maryfield,DD1 3BU
Maryfield,DD1 3DG
Maryfield,DD1 3DH
Maryfield,DD1 3DJ
Maryfield,DD1 3DL
Maryfield,DD1 3ED
Maryfield,DD1 3EH
Maryfield,DD1 3EW
Maryfield,DD1 3EX
Maryfield,DD1 3HR
Maryfield,DD1 3HX
Maryfield,DD1 3HZ
Maryfield,DD1 3JA
Maryfield,DD1 3JS
Maryfield,DD1 3JX
Maryfield,DD1 3JZ
Maryfield,DD1 3LA
Maryfield,DD1 3EY
Maryfield,DD1 3EY
Maryfield,DD1 3HA
Maryfield,DD1 3HP
Maryfield,DD1 3JJ
Maryfield,DD1 3JL
Maryfield,DD1 3JN
Maryfield,DD1 3JP
Maryfield,DD1 3LB
Maryfield,DD1 3LD
Maryfield,DD1 3LH
Maryfield,DD1 3LJ
Maryfield,DD1 3EL
Maryfield,DD1 3EN
Maryfield,DD1 3ET
Maryfield,DD1 3EU
Maryfield,DD1 3HP
Maryfield,DD1 3JA
Maryfield,DD1 3JB
Maryfield,DD1 3JE
Maryfield,DD1 3JU
Maryfield,DD1 3JW
Maryfield,DD1 3JW
Maryfield,DD1 3LD
Maryfield,DD1 3LN
East End,DD1 3LP
Maryfield,DD1 3LQ
East End,DD1 3LW
East End,DD1 3NP
Maryfield,DD1 3NR
Maryfield,DD1 4AG
Maryfield,DD1 4AN
Maryfield,DD1 3LJ
Maryfield,DD1 3LJ
Maryfield,DD1 3LL
Maryfield,DD1 3EJ
Maryfield,DD1 3HE
Maryfield,DD1 3HE
Maryfield,DD1 3HJ
Maryfield,DD1 3HN
Maryfield,DD1 3JG
Maryfield,DD1 3JH
Maryfield,DD1 3JT
Maryfield,DD1 3JU
Maryfield,DD1 3LF
Maryfield,DD1 3LG
Maryfield,DD1 3LH
Maryfield,DD1 3LH
East End,DD1 3LY
Maryfield,DD1 3NH
Maryfield,DD1 3NJ
Maryfield,DD1 3NL
Maryfield,DD1 4AP
Maryfield,DD1 4AR
Maryfield,DD1 4AU
East End,DD1 3LZ
Maryfield,DD1 3NR
Maryfield,DD1 3PD
Maryfield,DD1 4AA
West End,DD1 4AD
Maryfield,DD1 4BE
Maryfield,DD1 4BH
West End,DD1 4BZ
West End,DD1 4BZ
East End,DD1 3LZ
East End,DD1 3NA
Maryfield,DD1 3ND
Maryfield,DD1 3NG
Maryfield,DD1 4AF
Maryfield,DD1 4AX
Maryfield,DD1 4AY
Maryfield,DD1 4BB
West End,DD1 4DA
West End,DD1 4DB
West End,DD1 4DB
West End,DD1 4DH
West End,DD1 4DZ
West End,DD1 4EA
West End,DD1 4ED
West End,DD1 4EE
Maryfield,DD1 4EY
West End,DD1 4HA
West End,DD1 4HL
West End,DD1 4HQ
Maryfield,DD1 4BS
Maryfield,DD1 4BT
Maryfield,DD1 4BU
West End,DD1 4BX
West End,DD1 4DG
West End,DD1 4DT
West End,DD1 4DW
West End,DD1 4DX
Maryfield,DD1 4EH
Maryfield,DD1 4EL
Maryfield,DD1 4EN
West End,DD1 4HD
West End,DD1 4DL
West End,DD1 4DP
Maryfield,DD1 4DQ
West End,DD1 4DR
West End,DD1 4EE
Maryfield,DD1 4ER
Maryfield,DD1 4ET
Maryfield,DD1 4ET
West End,DD1 4HU
West End,DD1 4HU
West End,DD1 4HW
Maryfield,DD1 4BN
West End,DD1 4DD
Maryfield,DD1 4DE
Maryfield,DD1 4DF
Maryfield,DD1 4DG
West End,DD1 4DY
West End,DD1 4DZ
West End,DD1 4EF
Maryfield,DD1 4EG
West End,DD1 4HE
West End,DD1 4HG
West End,DD1 4HJ
West End,DD1 4HL
West End,DD1 4JD
West End,DD1 4JL
West End,DD1 4JL
West End,DD1 4JP
West End,DD1 4JZ
West End,DD1 4LA
West End,DD1 4LB
West End,DD1 4JE
West End,DD1 4HY
West End,DD1 4HZ
West End,DD1 4JA
West End,DD1 4JB
West End,DD1 4JQ
West End,DD1 4JR
West End,DD1 4JY
West End,DD1 4JZ
West End,DD1 4JF
West End,DD1 4JG
West End,DD1 4JH
West End,DD1 4JJ
West End,DD1 4JX
West End,DD1 4LD
West End,DD1 4LE
West End,DD1 4LF
West End,DD1 4LY
West End,DD1 4LZ
West End,DD1 4NA
West End,DD1 4NH
West End,DD1 4NW
West End,DD1 4NX
West End,DD1 4NY
West End,DD1 4NY
West End,DD1 5AJ
West End,DD1 5AN
West End,DD1 5AX
West End,DD1 5AZ
West End,DD1 4LN
West End,DD1 4LP
West End,DD1 4LQ
West End,DD1 4LR
West End,DD1 4JS
West End,DD1 4JT
West End,DD1 4JU
West End,DD1 4JW
West End,DD1 4LG
West End,DD1 4LH
West End,DD1 4LS
West End,DD1 4LU
West End,DD1 4NJ
West End,DD1 4NL
West End,DD1 4NN
West End,DD1 4NP
West End,DD1 4NZ
West End,DD1 5AD
West End,DD1 5AF
West End,DD1 5AH
West End,DD1 5AZ
West End,DD1 5AZ
West End,DD1 5BA
West End,DD1 4LL
West End,DD1 4NB
West End,DD1 4ND
West End,DD1 4NE
West End,DD1 4NF
West End,DD1 4NT
West End,DD1 4NU
West End,DD1 4QB
West End,DD1 4XA
West End,DD1 5AP
West End,DD1 5AQ
West End,DD1 5AR
West End,DD1 5AU
West End,DD1 4NG
West End,DD1 4NQ
West End,DD1 4NR
West End,DD1 4NS
West End,DD1 4XD
West End,DD1 5AA
West End,DD1 5AB
West End,DD1 5AN
West End,DD1 5BA
West End,DD1 5BB
West End,DD1 5BD
West End,DD1 5BD
West End,DD1 5BR
West End,DD1 5BS
West End,DD1 5DD
West End,DD1 5DF
West End,DD1 5BH
West End,DD1 5BJ
West End,DD1 5BL
West End,DD1 5BN
West End,DD1 5BZ
West End,DD1 5DJ
West End,DD1 5DL
West End,DD1 5DN
West End,DD1 5DY
West End,DD1 5EA
West End,DD1 5ED
West End,DD1 5EP
West End,DD1 5HH
West End,DD1 5HJ
West End,DD1 5HL
West End,DD1 5HL
West End,DD1 5BG
West End,DD1 5BP
West End,DD1 5BP
West End,DD1 5BR
West End,DD1 5DF
West End,DD1 5DH
West End,DD1 5DH
West End,DD1 5BH
West End,DD1 5BS
West End,DD1 5BT
West End,DD1 5BX
West End,DD1 5BY
West End,DD1 5DP
West End,DD1 5DQ
West End,DD1 5DX
West End,DD1 5DY
West End,DD1 5EQ
West End,DD1 5ER
West End,DD1 5ET
West End,DD1 5EU
West End,DD1 5HP
West End,DD1 5HW
West End,DD1 5HX
West End,DD1 5HX
West End,DD1 5JL
West End,DD1 5JQ
West End,DD1 5JT
West End,DD1 5DR
West End,DD1 5EF
West End,DD1 5EG
West End,DD1 5EJ
West End,DD1 5EL
West End,DD1 5HY
West End,DD1 5HY
West End,DD1 5JH
West End,DD1 5JJ
West End,DD1 5DS
West End,DD1 5DT
West End,DD1 5DU
West End,DD1 5DW
West End,DD1 5EN
West End,DD1 5EU
West End,DD1 5GP
West End,DD1 5HA
West End,DD1 5HR
West End,DD1 5HS
West End,DD1 5HU
West End,DD1 5HZ
West End,DD1 5LA
West End,DD1 5LA
West End,DD1 5LB
West End,DD1 5LH
West End,DD1 5LW
West End,DD1 5LX
West End,DD1 5NH
West End,DD1 5NL
West End,DD1 5LN
West End,DD1 5LP
West End,DD1 5LP
West End,DD1 5LR
West End,DD1 5NG
West End,DD1 5NR
West End,DD1 5NS
West End,DD1 5NT
West End,DD1 5HB
West End,DD1 5HH
West End,DD1 5HP
West End,DD1 5HR
West End,DD1 5JA
West End,DD1 5JD
West End,DD1 5JE
West End,DD1 5JF
West End,DD1 5LJ
West End,DD1 5LS
West End,DD1 5LT
West End,DD1 5LU
West End,DD1 5NN
West End,DD1 5NP
West End,DD1 5NQ
West End,DD1 5LL
West End,DD1 5LY
West End,DD1 5LZ
West End,DD1 5NA
West End,DD1 5NB
West End,DD1 5NU
West End,DD1 5NX
West End,DD1 5PG
West End,DD1 5PH
West End,DD1 5PW
West End,DD1 5PX
West End,DD1 5PX
West End,DD1 5PY
West End,DD1 5QH
West End,DD1 5QQ
West End,DD1 5QR
West End,DD1 5QS
West End,DD1 5PJ
West End,DD1 5PL
West End,DD1 5PN
West End,DD1 5PU
West End,DD1 5QF
West End,DD1 5QG
West End,DD1 5QG
West End,DD1 5QH
West End,DD1 5QT
West End,DD1 5QU
Coldside,DD1 5RE
Coldside,DD1 5RF
West End,DD1 5NZ
West End,DD1 5PB
West End,DD1 5PD
West End,DD1 5PF
West End,DD1 5PT
West End,DD1 5PZ
West End,DD1 5QA
West End,DD1 5QB
West End,DD1 5QN
West End,DD1 5QP
West End,DD1 5QQ
West End,DD1 5QW
Coldside,DD1 5RS
West End,DD1 5RT
West End,DD1 5RT
West End,DD1 5RU
Maryfield,DD1 9SS
Maryfield,DD1 9ST
Maryfield,DD1 9TB
Maryfield,DD1 9TD
West End,DD1 5RG
West End,DD1 5RJ
Coldside,DD1 5RR
West End,DD1 5NY
West End,DD1 5PP
West End,DD1 5PQ
West End,DD1 5PR
West End,DD1 5PS
West End,DD1 5QD
West End,DD1 5QE
West End,DD1 5QJ
West End,DD1 5QL
Coldside,DD1 5QY
Coldside,DD1 5QZ
Coldside,DD1 5RA
Coldside,DD1 5RB
Coldside,DD1 5RW
Maryfield,DD1 9SH
Maryfield,DD1 9SJ
Maryfield,DD1 9SL
Maryfield,DD1 9TE
Maryfield,DD1 9TF
Maryfield,DD1 9TG
Coldside,DD1 5RY
Maryfield,DD1 9SU
Maryfield,DD1 9SW
Maryfield,DD1 9SX
Maryfield,DD1 9SZ
Maryfield,DD1 9TN
Maryfield,DD1 9TP
Maryfield,DD1 9TX
Maryfield,DD1 9TY
Coldside,DD1 5RZ
West End,DD1 5TA
Maryfield,DD1 9SE
Maryfield,DD1 9SG
Maryfield,DD1 9TA
Maryfield,DD1 9TH
Maryfield,DD1 9TJ
Maryfield,DD1 9TL
Maryfield,DD1 9TQ
Maryfield,DD1 9TR
Maryfield,DD1 9TS
Maryfield,DD1 9TU
Maryfield,DD1 9TW
West End,DD2 1AD
West End,DD2 1AE
West End,DD2 1AA
West End,DD2 1AB
West End,DD2 1AF
West End,DD2 1AG
West End,DD2 1AH
West End,DD2 1AQ
West End,DD2 1BB
West End,DD2 1BE
West End,DD2 1BF
West End,DD2 1BG
West End,DD2 1BU
West End,DD2 1BW
West End,DD2 1DD
West End,DD2 1DE
West End,DD2 1AJ
West End,DD2 1AL
West End,DD2 1AN
West End,DD2 1AP
West End,DD2 1BA
West End,DD2 1BJ
West End,DD2 1BL
West End,DD2 1BN
West End,DD2 1BZ
West End,DD2 1DA
West End,DD2 1DB
West End,DD2 1DJ
West End,DD2 1AR
West End,DD2 1AS
West End,DD2 1AT
West End,DD2 1AU
West End,DD2 1BH
West End,DD2 1BR
West End,DD2 1BS
West End,DD2 1BT
West End,DD2 1DF
West End,DD2 1DG
West End,DD2 1DH
West End,DD2 1AJ
West End,DD2 1AW
West End,DD2 1AX
West End,DD2 1AY
West End,DD2 1AZ
West End,DD2 1BP
West End,DD2 1BQ
West End,DD2 1BX
West End,DD2 1BY
West End,DD2 1DL
West End,DD2 1DN
West End,DD2 1DP
West End,DD2 1DQ
West End,DD2 1EB
West End,DD2 1EH
West End,DD2 1EJ
West End,DD2 1EL
West End,DD2 1EY
West End,DD2 1FB
West End,DD2 1FD
West End,DD2 1DR
Lochee,DD2 1DX
West End,DD2 1DY
West End,DD2 1DZ
West End,DD2 1EA
West End,DD2 1EN
West End,DD2 1EP
West End,DD2 1EW
West End,DD2 1EX
West End,DD2 1DS
West End,DD2 1DT
West End,DD2 1DU
West End,DD2 1DW
West End,DD2 1EG
West End,DD2 1EQ
West End,DD2 1ER
West End,DD2 1ES
West End,DD2 1HA
West End,DD2 1HB
West End,DD2 1HD
West End,DD2 1HL
West End,DD2 1HX
West End,DD2 1HY
West End,DD2 1HZ
West End,DD2 1JE
West End,DD2 1JT
West End,DD2 1JU
West End,DD2 1LB
West End,DD2 1LD
West End,DD2 1HF
West End,DD2 1HG
West End,DD2 1HH
West End,DD2 1HJ
West End,DD2 1ED
West End,DD2 1EE
West End,DD2 1EF
Lochee,DD2 1EG
West End,DD2 1ET
West End,DD2 1EU
West End,DD2 1GY
West End,DD2 1GZ
West End,DD2 1HN
West End,DD2 1HP
West End,DD2 1HQ
West End,DD2 1HR
West End,DD2 1JF
West End,DD2 1JP
West End,DD2 1JQ
West End,DD2 1JS
West End,DD2 1LE
West End,DD2 1LF
West End,DD2 1LF
West End,DD2 1HE
West End,DD2 1HS
West End,DD2 1HT
West End,DD2 1HU
West End,DD2 1HW
West End,DD2 1JL
West End,DD2 1JN
West End,DD2 1JW
West End,DD2 1JX
West End,DD2 1LH
West End,DD2 1LL
West End,DD2 1LN
West End,DD2 1LP
West End,DD2 1HW
West End,DD2 1JG
West End,DD2 1JH
West End,DD2 1JJ
West End,DD2 1JY
West End,DD2 1JZ
West End,DD2 1LA
West End,DD2 1LG
West End,DD2 1LW
West End,DD2 1LY
West End,DD2 1LZ
West End,DD2 1NA
West End,DD2 1NP
West End,DD2 1NQ
West End,DD2 1NX
West End,DD2 1NY
West End,DD2 1LR
West End,DD2 1LS
West End,DD2 1LT
West End,DD2 1LU
West End,DD2 1NH
West End,DD2 1NR
West End,DD2 1NS
West End,DD2 1NT
West End,DD2 1PF
West End,DD2 1PG
West End,DD2 1PH
West End,DD2 1PR
West End,DD2 1QE
West End,DD2 1QE
West End,DD2 1QG
West End,DD2 1QH
West End,DD2 1NB
West End,DD2 1NJ
West End,DD2 1NN
West End,DD2 1NP
West End,DD2 1NZ
West End,DD2 1PA
West End,DD2 1PB
West End,DD2 1LQ
West End,DD2 1ND
West End,DD2 1NE
West End,DD2 1NF
West End,DD2 1NG
West End,DD2 1NU
West End,DD2 1NW
West End,DD2 1PD
West End,DD2 1PE
West End,DD2 1PS
West End,DD2 1PT
West End,DD2 1PU
West End,DD2 1PW
West End,DD2 1QJ
West End,DD2 1QR
West End,DD2 1QS
West End,DD2 1QT
West End,DD2 1RF
West End,DD2 1RG
West End,DD2 1RH
West End,DD2 1PJ
West End,DD2 1PY
West End,DD2 1PZ
West End,DD2 1QA
West End,DD2 1QB
West End,DD2 1QU
West End,DD2 1QW
West End,DD2 1RD
West End,DD2 1RE
West End,DD2 1PL
West End,DD2 1PN
West End,DD2 1PP
West End,DD2 1PQ
West End,DD2 1QD
West End,DD2 1QJ
West End,DD2 1QL
West End,DD2 1QN
West End,DD2 1QZ
West End,DD2 1RA
West End,DD2 1RB
West End,DD2 1RJ
West End,DD2 1RW
West End,DD2 1RX
West End,DD2 1RY
West End,DD2 1RZ
West End,DD2 1SN
West End,DD2 1SQ
West End,DD2 1SW
West End,DD2 1SX
West End,DD2 1RR
West End,DD2 1RS
West End,DD2 1RT
West End,DD2 1RU
West End,DD2 1SG
West End,DD2 1SQ
West End,DD2 1SR
West End,DD2 1SS
West End,DD2 1QP
West End,DD2 1QQ
West End,DD2 1QX
West End,DD2 1QY
West End,DD2 1RL
West End,DD2 1RN
West End,DD2 1RP
West End,DD2 1RQ
West End,DD2 1SA
West End,DD2 1SH
West End,DD2 1SJ
West End,DD2 1SL
West End,DD2 1SY
West End,DD2 1SZ
West End,DD2 1TA
West End,DD2 1RQ
West End,DD2 1SB
West End,DD2 1SD
West End,DD2 1SE
West End,DD2 1SF
West End,DD2 1ST
West End,DD2 1SU
West End,DD2 1TB
West End,DD2 1TD
West End,DD2 1TR
West End,DD2 1TS
West End,DD2 1TT
West End,DD2 1TU
West End,DD2 1UH
West End,DD2 1UR
West End,DD2 1UT
West End,DD2 1UU
West End,DD2 1TE
West End,DD2 1TF
West End,DD2 1TG
West End,DD2 1TQ
West End,DD2 1UB
West End,DD2 1UD
West End,DD2 1UF
West End,DD2 1UG
West End,DD2 1UX
West End,DD2 1UY
West End,DD2 1XG
West End,DD2 1XQ
West End,DD2 1TJ
West End,DD2 1TL
West End,DD2 1TN
West End,DD2 1TP
West End,DD2 1UA
West End,DD2 1UJ
West End,DD2 1UN
West End,DD2 1UP
West End,DD2 1XD
West End,DD2 1XE
West End,DD2 1XF
West End,DD2 2AD
West End,DD2 2AS
West End,DD2 2AT
West End,DD2 2AU
West End,DD2 2AW
West End,DD2 2BJ
West End,DD2 2BL
West End,DD2 2BU
West End,DD2 2BW
West End,DD2 1ZY
West End,DD2 2AA
West End,DD2 2AB
West End,DD2 1TH
West End,DD2 1TW
West End,DD2 1TX
West End,DD2 1TY
West End,DD2 1TZ
West End,DD2 1UQ
West End,DD2 1UR
West End,DD2 1UZ
West End,DD2 1XB
West End,DD2 2AE
West End,DD2 2AG
West End,DD2 2AH
West End,DD2 2AJ
West End,DD2 2AX
West End,DD2 2BE
West End,DD2 2BG
West End,DD2 2BH
West End,DD2 2BX
West End,DD2 2BY
West End,DD2 2BZ
West End,DD2 2AL
West End,DD2 2AY
West End,DD2 2AZ
West End,DD2 2BA
West End,DD2 2BB
West End,DD2 2BS
West End,DD2 2BT
West End,DD2 2DA
West End,DD2 2DB
West End,DD2 2AN
West End,DD2 2AP
West End,DD2 2AQ
West End,DD2 2AR
West End,DD2 2BD
West End,DD2 2BP
West End,DD2 2BQ
West End,DD2 2BR
West End,DD2 2DD
West End,DD2 2DE
West End,DD2 2DF
Lochee,DD2 2DP
Lochee,DD2 2EA
Lochee,DD2 2EB
Lochee,DD2 2ED
Lochee,DD2 2EE
Lochee,DD2 2EQ
Lochee,DD2 2ER
Lochee,DD2 2EX
Lochee,DD2 2EY
Lochee,DD2 2DH
Lochee,DD2 2DJ
Lochee,DD2 2DL
Lochee,DD2 2DN
Lochee,DD2 2DZ
Lochee,DD2 2EG
Lochee,DD2 2EH
Lochee,DD2 2EJ
Lochee,DD2 2ET
Lochee,DD2 2EU
Lochee,DD2 2EW
Lochee,DD2 2HA
Lochee,DD2 2DQ
Lochee,DD2 2DR
Lochee,DD2 2DS
Lochee,DD2 2DT
Lochee,DD2 2EF
Lochee,DD2 2EN
Lochee,DD2 2EP
Lochee,DD2 2EQ
Lochee,DD2 2EZ
Lochee,DD2 2FA
Lochee,DD2 2FB
Lochee,DD2 2DG
Lochee,DD2 2DU
Lochee,DD2 2DW
Lochee,DD2 2DX
Lochee,DD2 2DY
Lochee,DD2 2EL
Lochee,DD2 2EN
Lochee,DD2 2ER
Lochee,DD2 2ES
Lochee,DD2 2HB
Lochee,DD2 2HD
Lochee,DD2 2HE
Lochee,DD2 2HF
Lochee,DD2 2HT
West End,DD2 2JA
West End,DD2 2JB
West End,DD2 2JD
Lochee,DD2 2JR
West End,DD2 2JU
Coldside,DD2 2LA
Lochee,DD2 2HG
Lochee,DD2 2HP
Lochee,DD2 2HQ
Lochee,DD2 2HR
Lochee,DD2 2HS
West End,DD2 2JE
West End,DD2 2JF
Lochee,DD2 2JP
Lochee,DD2 2JQ
Lochee,DD2 2HH
Lochee,DD2 2HJ
Lochee,DD2 2HL
Lochee,DD2 2HN
West End,DD2 2HZ
West End,DD2 2JG
West End,DD2 2JH
West End,DD2 2JJ
West End,DD2 2LE
West End,DD2 2LF
West End,DD2 2LG
West End,DD2 2LQ
Coldside,DD2 2ND
West End,DD2 2NE
West End,DD2 2NF
West End,DD2 2NG
West End,DD2 2NU
West End,DD2 2NW
West End,DD2 2PB
West End,DD2 2PD
West End,DD2 2LJ
West End,DD2 2LL
West End,DD2 2LN
West End,DD2 2LP
Lochee,DD2 2HU
Lochee,DD2 2HW
Lochee,DD2 2HX
Lochee,DD2 2HY
Lochee,DD2 2JL
Lochee,DD2 2JN
West End,DD2 2LB
West End,DD2 2LD
West End,DD2 2LR
West End,DD2 2LS
West End,DD2 2LT
West End,DD2 2LU
West End,DD2 2NH
West End,DD2 2NR
West End,DD2 2NS
West End,DD2 2NT
West End,DD2 2PE
West End,DD2 2PF
West End,DD2 2PN
West End,DD2 2LH
West End,DD2 2LW
West End,DD2 2LX
West End,DD2 2LY
West End,DD2 2LZ
West End,DD2 2NP
West End,DD2 2NQ
West End,DD2 2NY
Coldside,DD2 2NZ
West End,DD2 2PQ
West End,DD2 2PR
Lochee,DD2 2PS
West End,DD2 2PT
Coldside,DD2 2NB
West End,DD2 2NJ
West End,DD2 2NL
West End,DD2 2NN
West End,DD2 2NZ
West End,DD2 2PA
West End,DD2 2PA
West End,DD2 2PP
Coldside,DD2 2QA
West End,DD2 2QB
Coldside,DD2 2QD
West End,DD2 2QE
Lochee,DD2 2QS
Lochee,DD2 2QZ
Lochee,DD2 2RA
Lochee,DD2 2RB
Lochee,DD2 2PY
Coldside,DD2 2PZ
Coldside,DD2 2QF
Lochee,DD2 2QG
Lochee,DD2 2QU
Lochee,DD2 2QX
Lochee,DD2 2QY
Lochee,DD2 2RF
Lochee,DD2 2RZ
Lochee,DD2 2SA
Lochee,DD2 2SB
Lochee,DD2 2SD
Lochee,DD2 2SR
Lochee,DD2 2SY
Lochee,DD2 2SZ
Lochee,DD2 2TA
Coldside,DD2 2QF
Lochee,DD2 2QP
Lochee,DD2 2QQ
Lochee,DD2 2QR
Lochee,DD2 2RD
West End,DD2 2PU
West End,DD2 2PW
West End,DD2 2PX
West End,DD2 2QH
Lochee,DD2 2QJ
Lochee,DD2 2QL
Lochee,DD2 2QT
Lochee,DD2 2RH
Lochee,DD2 2RJ
Lochee,DD2 2RL
Lochee,DD2 2RT
Lochee,DD2 2SL
Lochee,DD2 2SN
Lochee,DD2 2SP
Lochee,DD2 2SQ
Lochee,DD2 2TB
Lochee,DD2 2TD
Lochee,DD2 2TJ
Lochee,DD2 2TL
Lochee,DD2 2RR
Lochee,DD2 2RS
Lochee,DD2 2SE
Lochee,DD2 2SF
Lochee,DD2 2ST
Lochee,DD2 2SU
Lochee,DD2 2SW
Lochee,DD2 2SX
Lochee,DD2 2TL
Lochee,DD2 2TN
Lochee,DD2 2RP
Lochee,DD2 2RQ
Lochee,DD2 2SG
Lochee,DD2 2SH
Lochee,DD2 2SJ
Lochee,DD2 2SS
Lochee,DD2 2TE
Lochee,DD2 2TF
Lochee,DD2 2TF
Lochee,DD2 2TG
Lochee,DD2 2TT
Lochee,DD2 2UA
Lochee,DD2 2UE
Lochee,DD2 2UF
Lochee,DD2 3AG
Lochee,DD2 3AH
Lochee,DD2 3AQ
Lochee,DD2 3AR
Lochee,DD2 2TX
Lochee,DD2 2TY
Lochee,DD2 2UQ
Lochee,DD2 3AA
Lochee,DD2 3AN
Lochee,DD2 3AP
Lochee,DD2 3AU
Lochee,DD2 3AW
Lochee,DD2 3BG
Lochee,DD2 3BH
Lochee,DD2 3BP
Lochee,DD2 3BQ
Lochee,DD2 2TH
Lochee,DD2 2TQ
Lochee,DD2 2TR
Lochee,DD2 2TS
Lochee,DD2 2UG
Lochee,DD2 2UJ
Lochee,DD2 3AE
Lochee,DD2 3AF
Lochee,DD2 3AS
Lochee,DD2 3AT
Lochee,DD2 2TU
Lochee,DD2 2TW
Lochee,DD2 3AB
Lochee,DD2 3AD
Lochee,DD2 3AJ
Lochee,DD2 3AL
Lochee,DD2 3AX
Lochee,DD2 3AY
Lochee,DD2 3BE
Strathmartine,DD2 3BF
Lochee,DD2 3BR
Strathmartine,DD2 3BT
Lochee,DD2 3BZ
Lochee,DD2 3DA
Lochee,DD2 3DL
Lochee,DD2 3DN
Lochee,DD2 3AZ
Strathmartine,DD2 3BA
Lochee,DD2 3BL
Lochee,DD2 3BN
Strathmartine,DD2 3BU
Lochee,DD2 3BW
Lochee,DD2 3DB
Lochee,DD2 3DD
Lochee,DD2 3DH
Lochee,DD2 3DJ
Lochee,DD2 3BB
Lochee,DD2 3BD
Lochee,DD2 3BJ
Lochee,DD2 3BL
Lochee,DD2 3BW
Lochee,DD2 3BX
Lochee,DD2 3DD
Lochee,DD2 3DE
Lochee,DD2 3DQ
Lochee,DD2 3DR
Lochee,DD2 3DX
Lochee,DD2 3DY
Lochee,DD2 3EG
Lochee,DD2 3EJ
Lochee,DD2 3EU
Lochee,DD2 3EW
Lochee,DD2 3DU
Lochee,DD2 3DW
Lochee,DD2 3EA
Lochee,DD2 3EB
Lochee,DD2 3ES
Lochee,DD2 3ET
Lochee,DD2 3EZ
Lochee,DD2 3FA
Strathmartine,DD2 3FP
Lochee,DD2 3FQ
Strathmartine,DD2 3FX
Strathmartine,DD2 3FY
Lochee,DD2 3DF
Lochee,DD2 3DG
Lochee,DD2 3DP
Lochee,DD2 3DP
Lochee,DD2 3DY
Lochee,DD2 3DZ
Lochee,DD2 3EE
Lochee,DD2 3EF
Lochee,DD2 3EX
Lochee,DD2 3EY
Lochee,DD2 3DS
Lochee,DD2 3DT
Lochee,DD2 3EB
Lochee,DD2 3ED
Lochee,DD2 3EN
Lochee,DD2 3EP
Lochee,DD2 3FB
Lochee,DD2 3FD
Lochee,DD2 3FL
Lochee,DD2 3FN
Strathmartine,DD2 3FZ
Lochee,DD2 3GA
Lochee,DD2 3GG
Strathmartine,DD2 3GH
Strathmartine,DD2 3GU
Strathmartine,DD2 3GW
Lochee,DD2 3FE
Lochee,DD2 3FF
Strathmartine,DD2 3FS
Strathmartine,DD2 3FT
Lochee,DD2 3FW
Lochee,DD2 3GB
Strathmartine,DD2 3GJ
Strathmartine,DD2 3GL
Strathmartine,DD2 3GS
Strathmartine,DD2 3GT
Lochee,DD2 3FG
Lochee,DD2 3FH
Lochee,DD2 3FJ
Strathmartine,DD2 3FR
Lochee,DD2 3GD
Lochee,DD2 3GE
Lochee,DD2 3GF
Strathmartine,DD2 3GN
Strathmartine,DD2 3GY
Strathmartine,DD2 3GZ
Lochee,DD2 3HA
Lochee,DD2 3HG
Lochee,DD2 3HU
Lochee,DD2 3HW
Lochee,DD2 3HX
Lochee,DD2 3JD
Lochee,DD2 3HD
Lochee,DD2 3HE
Lochee,DD2 3HF
Lochee,DD2 3HP
Lochee,DD2 3HZ
Lochee,DD2 3JA
Lochee,DD2 3JB
Lochee,DD2 3JG
Lochee,DD2 3JR
Lochee,DD2 3JS
Lochee,DD2 3JT
Lochee,DD2 3JZ
Strathmartine,DD2 3GP
Strathmartine,DD2 3GQ
Strathmartine,DD2 3GR
Strathmartine,DD2 3GX
Strathmartine,DD2 3HJ
Strathmartine,DD2 3HL
Lochee,DD2 3HN
Lochee,DD2 3HT
Lochee,DD2 3JE
Lochee,DD2 3JF
Lochee,DD2 3JG
Strathmartine,DD2 3HB
Lochee,DD2 3HQ
Lochee,DD2 3HR
Lochee,DD2 3HS
Lochee,DD2 3HY
Lochee,DD2 3JH
Lochee,DD2 3JJ
Lochee,DD2 3JL
Lochee,DD2 3JQ
Lochee,DD2 3LA
Lochee,DD2 3LB
Lochee,DD2 3LD
Lochee,DD2 3LJ
Lochee,DD2 3LW
Lochee,DD2 3LX
Lochee,DD2 3LY
Lochee,DD2 3JN
Lochee,DD2 3JX
Lochee,DD2 3JY
Lochee,DD2 3JZ
Lochee,DD2 3LE
Lochee,DD2 3LL
Lochee,DD2 3LN
Lochee,DD2 3LP
Lochee,DD2 3LU
Lochee,DD2 3JP
Lochee,DD2 3JQ
Lochee,DD2 3JQ
Lochee,DD2 3JU
Lochee,DD2 3LF
Lochee,DD2 3LG
Lochee,DD2 3LH
Lochee,DD2 3LQ
Lochee,DD2 3NA
Lochee,DD2 3NB
Lochee,DD2 3ND
Lochee,DD2 3NE
Lochee,DD2 3NW
Lochee,DD2 3NX
Lochee,DD2 3NY
Lochee,DD2 3NZ
Lochee,DD2 3NF
Strathmartine,DD2 3NG
Lochee,DD2 3NH
Lochee,DD2 3NJ
Lochee,DD2 3PF
Lochee,DD2 3PG
Lochee,DD2 3PH
Lochee,DD2 3PJ
Lochee,DD2 3QA
Lochee,DD2 3QB
Lochee,DD2 3QB
Lochee,DD2 3QF
Lochee,DD2 3LR
Lochee,DD2 3LS
Lochee,DD2 3LT
Lochee,DD2 3LZ
Lochee,DD2 3NL
Lochee,DD2 3NN
Lochee,DD2 3NP
Lochee,DD2 3NQ
Lochee,DD2 3PA
Lochee,DD2 3PB
Lochee,DD2 3PD
Lochee,DD2 3PE
Lochee,DD2 3NR
Lochee,DD2 3NS
Lochee,DD2 3NT
Lochee,DD2 3NU
Lochee,DD2 3PS
Lochee,DD2 3PS
Lochee,DD2 3PT
Lochee,DD2 3PU
Strathmartine,DD2 3QP
Strathmartine,DD2 3QQ
Strathmartine,DD2 3QR
Lochee,DD2 3QS
Strathmartine,DD2 3RD
Strathmartine,DD2 3RJ
Strathmartine,DD2 3RL
Strathmartine,DD2 3RN
Lochee,DD2 3PR
Lochee,DD2 3PU
Lochee,DD2 3PW
Lochee,DD2 3PY
Lochee,DD2 3QT
Strathmartine,DD2 3QZ
Strathmartine,DD2 3RA
Strathmartine,DD2 3RB
Strathmartine,DD2 3RP
Lochee,DD2 3PL
Lochee,DD2 3PP
Lochee,DD2 3PQ
Lochee,DD2 3PZ
Lochee,DD2 3QH
Lochee,DD2 3QL
Lochee,DD2 3QN
Strathmartine,DD2 3QY
Strathmartine,DD2 3RE
Strathmartine,DD2 3RF
Strathmartine,DD2 3RG
Strathmartine,DD2 3RT
Strathmartine,DD2 3RY
Strathmartine,DD2 3RZ
Strathmartine,DD2 3SA
Strathmartine,DD2 3SF
Strathmartine,DD2 3RU
Strathmartine,DD2 3RU
Strathmartine,DD2 3RW
Strathmartine,DD2 3SD
Strathmartine,DD2 3SG
Strathmartine,DD2 3SG
Strathmartine,DD2 3SH
Strathmartine,DD2 3SQ
Strathmartine,DD2 3SS
Strathmartine,DD2 3ST
Strathmartine,DD2 3SU
Lochee,DD2 3QN
Strathmartine,DD2 3QU
Strathmartine,DD2 3QW
Strathmartine,DD2 3QX
Strathmartine,DD2 3RH
Strathmartine,DD2 3RQ
Strathmartine,DD2 3RR
Strathmartine,DD2 3RS
Strathmartine,DD2 3SA
Strathmartine,DD2 3SE
Strathmartine,DD2 3SE
Strathmartine,DD2 3SF
Strathmartine,DD2 3RX
Strathmartine,DD2 3SB
Strathmartine,DD2 3SB
Strathmartine,DD2 3SD
Strathmartine,DD2 3SH
Strathmartine,DD2 3SN
Strathmartine,DD2 3SP
Strathmartine,DD2 3SP
Strathmartine,DD2 3SW
Strathmartine,DD2 3SX
Strathmartine,DD2 3TD
Strathmartine,DD2 3TE
Strathmartine,DD2 3TN
Strathmartine,DD2 3TP
Strathmartine,DD2 3TU
Lochee,DD2 3TX
Strathmartine,DD2 3SL
Strathmartine,DD2 3SL
Strathmartine,DD2 3SQ
Strathmartine,DD2 3SR
Strathmartine,DD2 3TF
Strathmartine,DD2 3TG
Strathmartine,DD2 3TL
Strathmartine,DD2 3TL
Lochee,DD2 3TY
Lochee,DD2 3TZ
Strathmartine,DD2 3SJ
Strathmartine,DD2 3SJ
Strathmartine,DD2 3SR
Strathmartine,DD2 3SS
Strathmartine,DD2 3SY
Strathmartine,DD2 3SY
Strathmartine,DD2 3TH
Strathmartine,DD2 3TJ
Strathmartine,DD2 3TL
Strathmartine,DD2 3TQ
Strathmartine,DD2 3UB
Strathmartine,DD2 3UD
Strathmartine,DD2 3UE
Strathmartine,DD2 3UF
Lochee,DD2 3UY
Strathmartine,DD2 3WD
Strathmartine,DD2 3WE
Strathmartine,DD2 3WF
Lochee,DD2 3UJ
Lochee,DD2 3UR
Strathmartine,DD2 3UT
Strathmartine,DD2 3UU
Strathmartine,DD2 3WN
Strathmartine,DD2 3WN
Lochee,DD2 3WT
Strathmartine,DD2 3XH
Strathmartine,DD2 3SZ
Strathmartine,DD2 3TA
Strathmartine,DD2 3TB
Strathmartine,DD2 3TG
Strathmartine,DD2 3TR
Lochee,DD2 3TS
Lochee,DD2 3TT
Strathmartine,DD2 3UA
Lochee,DD2 3UL
Lochee,DD2 3UN
Lochee,DD2 3UP
Lochee,DD2 3UQ
Strathmartine,DD2 3WG
Strathmartine,DD2 3UG
Strathmartine,DD2 3UH
Strathmartine,DD2 3UH
Lochee,DD2 3UW
Strathmartine,DD2 3WH
Strathmartine,DD2 3WJ
Strathmartine,DD2 3WL
Lochee,DD2 3XN
Strathmartine,DD2 3YA
Strathmartine,DD2 3YB
Strathmartine,DD2 3YJ
Lochee,DD2 4AD
Lochee,DD2 4AE
Lochee,DD2 4AF
Lochee,DD2 4AL
Lochee,DD2 4AY
Lochee,DD2 4AZ
Lochee,DD2 4BA
Lochee,DD2 4BB
Strathmartine,DD2 3YN
Strathmartine,DD2 3YP
Strathmartine,DD2 3YQ
Lochee,DD2 4AB
Lochee,DD2 4AN
Lochee,DD2 4AP
Lochee,DD2 4AQ
Lochee,DD2 4AR
Lochee,DD2 3WP
Lochee,DD2 3WQ
Strathmartine,DD2 3WR
Strathmartine,DD2 3WS
Strathmartine,DD2 3YR
Strathmartine,DD2 3YW
Strathmartine,DD2 3YX
Lochee,DD2 4AA
Lochee,DD2 4AS
Lochee,DD2 4AT
Lochee,DD2 4AU
Lochee,DD2 4AW
Lochee,DD2 4BG
Lochee,DD2 4BP
Lochee,DD2 4BQ
Lochee,DD2 4BR
Lochee,DD2 4DB
Lochee,DD2 4BH
Lochee,DD2 4BJ
Lochee,DD2 4BL
Lochee,DD2 4BX
Lochee,DD2 4DD
Lochee,DD2 4DE
Lochee,DD2 4DF
Strathmartine,DD2 3YE
Strathmartine,DD2 3YF
Strathmartine,DD2 3YG
Strathmartine,DD2 3YH
Lochee,DD2 4AG
Lochee,DD2 4AG
Lochee,DD2 4AH
Lochee,DD2 4AJ
Lochee,DD2 4AX
Lochee,DD2 4BD
Lochee,DD2 4BE
West End,DD2 4BF
Lochee,DD2 4BS
Lochee,DD2 4BY
Lochee,DD2 4BZ
Lochee,DD2 4DA
Lochee,DD2 4BN
Lochee,DD2 4BT
Lochee,DD2 4BU
Lochee,DD2 4BW
Lochee,DD2 4DF
Lochee,DD2 4DP
Lochee,DD2 4DQ
Lochee,DD2 4DR
Lochee,DD2 4ED
Lochee,DD2 4EE
Lochee,DD2 4EF
Lochee,DD2 4EL
Lochee,DD2 4EY
Lochee,DD2 4EZ
Lochee,DD2 4FP
Lochee,DD2 4GD
Lochee,DD2 4DS
Lochee,DD2 4DT
Lochee,DD2 4EA
Lochee,DD2 4EB
Lochee,DD2 4EN
Lochee,DD2 4EP
Lochee,DD2 4EQ
Lochee,DD2 4ER
Lochee,DD2 4HF
Lochee,DD2 4HG
Lochee,DD2 4HH
Lochee,DD2 4HJ
Lochee,DD2 4DL
Lochee,DD2 4DN
Lochee,DD2 4DU
Lochee,DD2 4DW
Lochee,DD2 4EF
Lochee,DD2 4EG
Lochee,DD2 4EH
Lochee,DD2 4EJ
Lochee,DD2 4EX
Lochee,DD2 4GD
Lochee,DD2 4HA
Lochee,DD2 4HB
Lochee,DD2 4HQ
Lochee,DD2 4HR
Lochee,DD2 4HX
Lochee,DD2 4HY
Lochee,DD2 4JJ
Lochee,DD2 4JL
Lochee,DD2 4HS
Lochee,DD2 4HT
Lochee,DD2 4HL
Lochee,DD2 4DG
Lochee,DD2 4DH
Lochee,DD2 4DJ
Lochee,DD2 4DX
Lochee,DD2 4DY
Lochee,DD2 4DZ
Lochee,DD2 4EF
Lochee,DD2 4ES
Lochee,DD2 4ET
Lochee,DD2 4EU
Lochee,DD2 4EW
Lochee,DD2 4HD
Lochee,DD2 4HE
Lochee,DD2 4HN
Lochee,DD2 4HP
Lochee,DD2 4HZ
Lochee,DD2 4JA
Lochee,DD2 4JG
Lochee,DD2 4JH
Lochee,DD2 4HU
Lochee,DD2 4HW
Lochee,DD2 4JB
Lochee,DD2 4JD
Lochee,DD2 4JQ
Lochee,DD2 4JR
Lochee,DD2 4JX
Lochee,DD2 4JY
Lochee,DD2 4LJ
Lochee,DD2 4LL
Lochee,DD2 4LS
Lochee,DD2 4LT
Lochee,DD2 4JE
Lochee,DD2 4JF
Lochee,DD2 4JN
Lochee,DD2 4JP
Lochee,DD2 4JZ
Lochee,DD2 4LA
Lochee,DD2 4LG
Lochee,DD2 4LH
Lochee,DD2 4LU
Lochee,DD2 4LW
Lochee,DD2 4NB
Lochee,DD2 4ND
Lochee,DD2 4NQ
Lochee,DD2 4NR
Lochee,DD2 4JS
Lochee,DD2 4JT
Lochee,DD2 4LE
Lochee,DD2 4LF
Lochee,DD2 4LN
Lochee,DD2 4LP
Lochee,DD2 4LZ
Lochee,DD2 4NA
Lochee,DD2 4NG
Lochee,DD2 4NH
Lochee,DD2 4NU
Lochee,DD2 4NW
Lochee,DD2 4PA
Lochee,DD2 4PB
Lochee,DD2 4PN
Lochee,DD2 4PP
Lochee,DD2 4NX
Lochee,DD2 4NY
Lochee,DD2 4NE
Lochee,DD2 4NF
Lochee,DD2 4NN
Lochee,DD2 4NP
Lochee,DD2 4JU
Lochee,DD2 4JW
Lochee,DD2 4LB
Lochee,DD2 4LD
Lochee,DD2 4LQ
Lochee,DD2 4LR
Lochee,DD2 4LX
Lochee,DD2 4LY
Lochee,DD2 4NJ
Lochee,DD2 4NL
Lochee,DD2 4NS
Lochee,DD2 4NT
Lochee,DD2 4PB
Lochee,DD2 4PD
Lochee,DD2 4PJ
Lochee,DD2 4PL
Lochee,DD2 4NY
Lochee,DD2 4NZ
Lochee,DD2 4PE
Lochee,DD2 4PF
Lochee,DD2 4PS
Lochee,DD2 4PT
Lochee,DD2 4PZ
Lochee,DD2 4QA
Lochee,DD2 4QN
Lochee,DD2 4QP
Lochee,DD2 4QU
Lochee,DD2 4QW
Lochee,DD2 4PG
Lochee,DD2 4PH
Lochee,DD2 4PQ
Lochee,DD2 4PR
Lochee,DD2 4QB
Lochee,DD2 4QD
Lochee,DD2 4QJ
Lochee,DD2 4QL
Lochee,DD2 4QX
Lochee,DD2 4QY
Lochee,DD2 4RE
Lochee,DD2 4RF
Lochee,DD2 4RS
Lochee,DD2 4RS
Lochee,DD2 4PU
Lochee,DD2 4PW
Lochee,DD2 4QG
Lochee,DD2 4QH
Lochee,DD2 4QQ
Lochee,DD2 4QR
Lochee,DD2 4RB
Lochee,DD2 4RD
Lochee,DD2 4RJ
Lochee,DD2 4RL
Lochee,DD2 4RW
Lochee,DD2 4RX
Lochee,DD2 4SD
Lochee,DD2 4SE
Lochee,DD2 4SQ
Lochee,DD2 4SR
Lochee,DD2 4RY
Lochee,DD2 4RZ
Lochee,DD2 4RG
Lochee,DD2 4RH
Lochee,DD2 4RQ
Lochee,DD2 4RR
Lochee,DD2 4PX
Lochee,DD2 4PY
Lochee,DD2 4QE
Lochee,DD2 4QF
Lochee,DD2 4QS
Lochee,DD2 4QT
Lochee,DD2 4QZ
Lochee,DD2 4RA
Lochee,DD2 4RN
Lochee,DD2 4RP
Lochee,DD2 4RT
Lochee,DD2 4RU
Lochee,DD2 4SF
Lochee,DD2 4SG
Lochee,DD2 4SN
Lochee,DD2 4SP
Lochee,DD2 4SA
Lochee,DD2 4SB
Lochee,DD2 4SH
Lochee,DD2 4SJ
Lochee,DD2 4SU
Lochee,DD2 4SW
Lochee,DD2 4SW
Strathmartine,DD2 4TE
Strathmartine,DD2 4TF
Lochee,DD2 4TS
Lochee,DD2 4TT
Lochee,DD2 4TU
Lochee,DD2 4TW
Lochee,DD2 4SL
Lochee,DD2 4SN
Lochee,DD2 4SS
Lochee,DD2 4SS
Lochee,DD2 4TG
Lochee,DD2 4TH
Lochee,DD2 4TJ
Lochee,DD2 4TR
Lochee,DD2 4UB
Lochee,DD2 4UB
Lochee,DD2 4UD
Lochee,DD2 4UE
Lochee,DD2 4XB
Lochee,DD2 4XD
Lochee,DD2 4TD
Lochee,DD2 4TJ
Lochee,DD2 4TN
Lochee,DD2 4TP
Lochee,DD2 4TZ
Lochee,DD2 4UA
Lochee,DD2 4UF
Lochee,DD2 4UG
Lochee,DD2 4UW
Lochee,DD2 4UY
Lochee,DD2 4WB
Lochee,DD2 4XA
Lochee,DD2 4UP
Lochee,DD2 4UQ
Lochee,DD2 4UR
Lochee,DD2 4US
Lochee,DD2 4SY
Lochee,DD2 4SZ
Lochee,DD2 4TA
Lochee,DD2 4TQ
Lochee,DD2 4TQ
Lochee,DD2 4TX
Lochee,DD2 4TY
Lochee,DD2 4UH
Lochee,DD2 4UL
Lochee,DD2 4UN
Lochee,DD2 4UT
Lochee,DD2 5BP
West End,DD2 5BJ
Lochee,DD2 5EJ
Lochee,DD2 5EJA
Lochee,DD2 5EGB
Lochee,DD2 5GS
Lochee,DD2 5GT
Lochee,DD2 5GW
Lochee,DD2 5GX
Lochee,DD2 5GY
Lochee,DD2 5GR
West End,DD2 5JJ
Lochee,DD2 5JT
Lochee,DD2 5JU
West End,DD2 5JA
West End,DD2 5JR
Lochee,DD2 5JY
Lochee,DD2 5JZ
Lochee,DD2 5LA
Lochee,DD2 5JW
Lochee,DD2 5JX
Lochee,DD2 5LBA
West End,DD2 5JB
West End,DD2 5JN
West End,DD2 5JP
Lochee,DD2 5LB
Lochee,DD2 5LB
Lochee,DD2 5NL
Lochee,DD2 5NDB
Lochee,DD2 5NA
Lochee,DD2 5ND
Lochee,DD2 5ND
Lochee,DD2 5PE
Lochee,DD2 5PF
Strathmartine,DD3 0AB
Strathmartine,DD3 0AD
Strathmartine,DD3 0AE
Strathmartine,DD3 0AF
Lochee,DD2 5RF
Lochee,DD2 5SJ
Strathmartine,DD3 0AG
Strathmartine,DD3 0AH
Strathmartine,DD3 0AJ
Strathmartine,DD3 0AL
Strathmartine,DD3 0BD
Strathmartine,DD3 0BE
Strathmartine,DD3 0BG
Strathmartine,DD3 0BH
Strathmartine,DD3 0BZ
Strathmartine,DD3 0DA
Strathmartine,DD3 0DB
Strathmartine,DD3 0DD
Strathmartine,DD3 0AN
Strathmartine,DD3 0AP
Strathmartine,DD3 0AQ
Strathmartine,DD3 0AR
Strathmartine,DD3 0BJ
Strathmartine,DD3 0BL
Strathmartine,DD3 0BN
Strathmartine,DD3 0BP
Lochee,DD2 5SP
Lochee,DD2 5SQ
Lochee,DD2 5SR
Strathmartine,DD3 0AA
Strathmartine,DD3 0AS
Strathmartine,DD3 0AU
Strathmartine,DD3 0AW
Strathmartine,DD3 0AX
Strathmartine,DD3 0BQ
Strathmartine,DD3 0BR
Strathmartine,DD3 0BS
Strathmartine,DD3 0BT
Strathmartine,DD3 0DH
Strathmartine,DD3 0DJ
Strathmartine,DD3 0DL
Strathmartine,DD3 0DN
Strathmartine,DD3 0AY
Strathmartine,DD3 0AZ
Strathmartine,DD3 0BA
Strathmartine,DD3 0BB
Strathmartine,DD3 0BU
Strathmartine,DD3 0BW
Strathmartine,DD3 0BX
Strathmartine,DD3 0BY
Strathmartine,DD3 0DP
Strathmartine,DD3 0DQ
Strathmartine,DD3 0DR
Strathmartine,DD3 0DS
Strathmartine,DD3 0EJ
Strathmartine,DD3 0EL
Strathmartine,DD3 0EN
Strathmartine,DD3 0EP
Strathmartine,DD3 0DE
Strathmartine,DD3 0DE
Strathmartine,DD3 0DF
Strathmartine,DD3 0DG
Strathmartine,DD3 0DY
Strathmartine,DD3 0DZ
Strathmartine,DD3 0EA
Strathmartine,DD3 0EB
Strathmartine,DD3 0DT
Strathmartine,DD3 0DU
Strathmartine,DD3 0DW
Strathmartine,DD3 0DX
Strathmartine,DD3 0EQ
Strathmartine,DD3 0ER
Strathmartine,DD3 0ES
Strathmartine,DD3 0ET
Strathmartine,DD3 0HF
Strathmartine,DD3 0HG
Strathmartine,DD3 0HH
Strathmartine,DD3 0HJ
Strathmartine,DD3 0JA
Strathmartine,DD3 0JB
Strathmartine,DD3 0JD
Strathmartine,DD3 0JE
Strathmartine,DD3 0EU
Strathmartine,DD3 0EW
Strathmartine,DD3 0EX
Strathmartine,DD3 0EY
Strathmartine,DD3 0HL
Strathmartine,DD3 0HN
Strathmartine,DD3 0HP
Strathmartine,DD3 0HQ
Strathmartine,DD3 0EE
Strathmartine,DD3 0EF
Strathmartine,DD3 0EG
Strathmartine,DD3 0EH
Strathmartine,DD3 0EZ
Strathmartine,DD3 0FB
Strathmartine,DD3 0GZ
Strathmartine,DD3 0HR
Strathmartine,DD3 0HS
Strathmartine,DD3 0HT
Strathmartine,DD3 0HU
Strathmartine,DD3 0JL
Strathmartine,DD3 0JN
Strathmartine,DD3 0JP
Strathmartine,DD3 0JQ
Strathmartine,DD3 0HA
Strathmartine,DD3 0HB
Strathmartine,DD3 0HD
Strathmartine,DD3 0HE
Strathmartine,DD3 0HW
Strathmartine,DD3 0HX
Strathmartine,DD3 0HY
Strathmartine,DD3 0HZ
Strathmartine,DD3 0JR
Strathmartine,DD3 0JS
Strathmartine,DD3 0JT
Strathmartine,DD3 0JU
Strathmartine,DD3 0LF
Strathmartine,DD3 0LN
Strathmartine,DD3 0LP
Strathmartine,DD3 0LQ
Strathmartine,DD3 0JF
Strathmartine,DD3 0JG
Strathmartine,DD3 0JH
Strathmartine,DD3 0JJ
Strathmartine,DD3 0LA
Strathmartine,DD3 0LB
Strathmartine,DD3 0LD
Strathmartine,DD3 0LE
Strathmartine,DD3 0LR
Strathmartine,DD3 0JW
Strathmartine,DD3 0JX
Strathmartine,DD3 0JY
Strathmartine,DD3 0LL
Strathmartine,DD3 0LS
Strathmartine,DD3 0LT
Strathmartine,DD3 0LU
Strathmartine,DD3 0ND
Strathmartine,DD3 0NJ
Strathmartine,DD3 0NL
Strathmartine,DD3 0NN
Strathmartine,DD3 0NY
Strathmartine,DD3 0PE
Strathmartine,DD3 0PEA
Strathmartine,DD3 0LX
Strathmartine,DD3 0LY
Strathmartine,DD3 0LZ
Strathmartine,DD3 0NH
Strathmartine,DD3 0NQ
Strathmartine,DD3 0NR
Strathmartine,DD3 0NS
Strathmartine,DD3 0JZ
Strathmartine,DD3 0LG
Strathmartine,DD3 0LH
Strathmartine,DD3 0LJ
Strathmartine,DD3 0LW
Strathmartine,DD3 0NB
Strathmartine,DD3 0NB
Strathmartine,DD3 0ND
Strathmartine,DD3 0NP
Strathmartine,DD3 0NW
Strathmartine,DD3 0NX
Strathmartine,DD3 0NY
Strathmartine,DD3 0PN
Strathmartine,DD3 0NA
Strathmartine,DD3 0NE
Strathmartine,DD3 0NF
Strathmartine,DD3 0NG
Strathmartine,DD3 0NZ
Strathmartine,DD3 0PLB
Strathmartine,DD3 0PE
Strathmartine,DD3 0RS
Strathmartine,DD3 0RT
Strathmartine,DD3 0SA
Strathmartine,DD3 0SB
Strathmartine,DD3 0SN
Strathmartine,DD3 0SQ
Strathmartine,DD3 0SR
Coldside,DD3 6AQ
Coldside,DD3 6AR
Coldside,DD3 6AS
Coldside,DD3 6AT
Strathmartine,DD3 0RN
Strathmartine,DD3 0RU
Strathmartine,DD3 0RX
Strathmartine,DD3 0RY
Strathmartine,DD3 0RP
Strathmartine,DD3 0RQ
Strathmartine,DD3 0RR
Strathmartine,DD3 0SD
Strathmartine,DD3 0SE
Strathmartine,DD3 0SJ
Strathmartine,DD3 0SL
Strathmartine,DD3 0XA
Coldside,DD3 6AA
Coldside,DD3 6AB
Coldside,DD3 6AF
Coldside,DD3 6AU
Strathmartine,DD3 0RH
Strathmartine,DD3 0RL
Strathmartine,DD3 0SE
Strathmartine,DD3 0SF
Strathmartine,DD3 0SG
Strathmartine,DD3 0SW
Coldside,DD3 6AG
Coldside,DD3 6AH
Coldside,DD3 6AX
Coldside,DD3 6AY
Coldside,DD3 6AZ
Coldside,DD3 6BA
Strathmartine,DD3 0SH
Strathmartine,DD3 0SS
Strathmartine,DD3 0ST
Strathmartine,DD3 0SU
Coldside,DD3 6AL
Coldside,DD3 6AN
Coldside,DD3 6AP
Coldside,DD3 6AW
Coldside,DD3 6BP
Coldside,DD3 6BQ
Coldside,DD3 6BS
Coldside,DD3 6BT
Coldside,DD3 6DD
Coldside,DD3 6DE
Coldside,DD3 6BB
Coldside,DD3 6BD
Coldside,DD3 6BW
Coldside,DD3 6BX
Coldside,DD3 6BY
Coldside,DD3 6BZ
Coldside,DD3 6DL
Coldside,DD3 6DT
Coldside,DD3 6DU
Coldside,DD3 6DW
Coldside,DD3 6EH
Coldside,DD3 6EJ
Coldside,DD3 6EL
Coldside,DD3 6ET
Coldside,DD3 6HE
Coldside,DD3 6HF
Coldside,DD3 6HG
Coldside,DD3 6HH
Coldside,DD3 6BU
Coldside,DD3 6DA
Coldside,DD3 6DA
Coldside,DD3 6DB
Coldside,DD3 6BE
Coldside,DD3 6BH
Coldside,DD3 6BJ
Coldside,DD3 6BW
Coldside,DD3 6DF
Coldside,DD3 6DG
Coldside,DD3 6DH
Coldside,DD3 6DJ
Coldside,DD3 6DX
Coldside,DD3 6DY
Coldside,DD3 6EF
Coldside,DD3 6EG
Coldside,DD3 6EU
Coldside,DD3 6EW
Coldside,DD3 6EX
Coldside,DD3 6EY
Coldside,DD3 6HJ
Coldside,DD3 6HR
Coldside,DD3 6HS
Coldside,DD3 6HT
Coldside,DD3 6DQ
Coldside,DD3 6DR
Coldside,DD3 6DS
Coldside,DD3 6DZ
Coldside,DD3 6EN
Coldside,DD3 6EP
Coldside,DD3 6EQ
Coldside,DD3 6ER
Coldside,DD3 6HU
Coldside,DD3 6HW
Coldside,DD3 6DN
Coldside,DD3 6DP
Coldside,DD3 6EA
Coldside,DD3 6EB
Coldside,DD3 6ED
Coldside,DD3 6EE
Coldside,DD3 6ES
Coldside,DD3 6EY
Coldside,DD3 6EZ
Coldside,DD3 6HA
Coldside,DD3 6HN
Coldside,DD3 6HP
Coldside,DD3 6HQ
Coldside,DD3 6HX
Coldside,DD3 6JH
Coldside,DD3 6JJ
Coldside,DD3 6JL
Coldside,DD3 6JN
Coldside,DD3 6JZ
Coldside,DD3 6LA
Coldside,DD3 6JD
Coldside,DD3 6JE
Coldside,DD3 6JR
Coldside,DD3 6JS
Coldside,DD3 6JT
Coldside,DD3 6JU
Coldside,DD3 6LN
Coldside,DD3 6LP
Coldside,DD3 6LQ
Coldside,DD3 6LR
Coldside,DD3 6HB
Coldside,DD3 6HD
Coldside,DD3 6HJ
Coldside,DD3 6HL
Coldside,DD3 6HY
Coldside,DD3 6HZ
Coldside,DD3 6JA
Coldside,DD3 6JB
Coldside,DD3 6JP
Coldside,DD3 6JW
Coldside,DD3 6JX
Coldside,DD3 6JY
Coldside,DD3 6JF
Coldside,DD3 6JF
Coldside,DD3 6JG
Coldside,DD3 6JQ
Coldside,DD3 6LB
Coldside,DD3 6LD
Coldside,DD3 6LE
Coldside,DD3 6LF
Coldside,DD3 6LX
Coldside,DD3 6LY
Coldside,DD3 6LZ
Coldside,DD3 6NA
Coldside,DD3 6NR
Coldside,DD3 6NR
Coldside,DD3 6NS
Coldside,DD3 6NT
Coldside,DD3 6LG
Coldside,DD3 6LH
Coldside,DD3 6LJ
Coldside,DD3 6LL
Coldside,DD3 6NG
Coldside,DD3 6NG
Coldside,DD3 6NH
Coldside,DD3 6NJ
Coldside,DD3 6PA
Coldside,DD3 6PB
Coldside,DD3 6PB
Coldside,DD3 6PD
Coldside,DD3 6LS
Coldside,DD3 6LU
Coldside,DD3 6LW
Coldside,DD3 6LW
Coldside,DD3 6NF
Coldside,DD3 6NL
Coldside,DD3 6NN
Coldside,DD3 6NP
Coldside,DD3 6NY
Coldside,DD3 6NZ
Coldside,DD3 6PE
Coldside,DD3 6PG
Coldside,DD3 6PW
Coldside,DD3 6PX
Coldside,DD3 6PY
Coldside,DD3 6QF
Coldside,DD3 6PQ
Coldside,DD3 6PR
Coldside,DD3 6PS
Coldside,DD3 6PZ
Coldside,DD3 6QL
Coldside,DD3 6QN
Coldside,DD3 6QP
Coldside,DD3 6QU
Coldside,DD3 6LX
Coldside,DD3 6NB
Coldside,DD3 6ND
Coldside,DD3 6NE
Coldside,DD3 6NQ
Coldside,DD3 6NU
Coldside,DD3 6NW
Coldside,DD3 6NX
Coldside,DD3 6PH
Coldside,DD3 6PJ
Coldside,DD3 6PT
Coldside,DD3 6PU
Coldside,DD3 6QF
Coldside,DD3 6QG
Coldside,DD3 6QH
Coldside,DD3 6PP
Coldside,DD3 6QA
Coldside,DD3 6QB
Coldside,DD3 6QE
Coldside,DD3 6QJ
Coldside,DD3 6QW
Coldside,DD3 6QX
Coldside,DD3 6QY
Coldside,DD3 6QY
Coldside,DD3 6RR
Coldside,DD3 6RR
Coldside,DD3 6RS
Coldside,DD3 6RT
Coldside,DD3 6SH
Coldside,DD3 6SJ
Coldside,DD3 6SL
Coldside,DD3 6SN
Coldside,DD3 6RF
Coldside,DD3 6RG
Coldside,DD3 6RH
Coldside,DD3 6RJ
Coldside,DD3 6RZ
Coldside,DD3 6SA
Coldside,DD3 6SB
Coldside,DD3 6SD
Coldside,DD3 6SP
Coldside,DD3 6QQ
Coldside,DD3 6QR
Coldside,DD3 6QS
Coldside,DD3 6RD
Coldside,DD3 6RE
Coldside,DD3 6RL
Coldside,DD3 6RP
Coldside,DD3 6RX
Coldside,DD3 6RY
Coldside,DD3 6SD
Coldside,DD3 6SE
Coldside,DD3 6SQ
Coldside,DD3 6SR
Coldside,DD3 6SS
Coldside,DD3 6ST
Coldside,DD3 6TL
Coldside,DD3 6TN
Coldside,DD3 6TP
Coldside,DD3 6TQ
Coldside,DD3 6SZ
Coldside,DD3 6TG
Coldside,DD3 6TH
Coldside,DD3 6TH
Coldside,DD3 6QT
Coldside,DD3 6QZ
Coldside,DD3 6RA
Coldside,DD3 6RB
Coldside,DD3 6RP
Coldside,DD3 6RQ
Coldside,DD3 6RU
Coldside,DD3 6RW
Coldside,DD3 6SF
Coldside,DD3 6SF
Coldside,DD3 6SG
Coldside,DD3 6SQ
Coldside,DD3 6TA
Coldside,DD3 6TD
Coldside,DD3 6TE
Coldside,DD3 6TF
Coldside,DD3 6SU
Coldside,DD3 6SW
Coldside,DD3 6SX
Coldside,DD3 6SY
Coldside,DD3 6TJ
Coldside,DD3 6TR
Coldside,DD3 6TT
Coldside,DD3 6TU
Coldside,DD3 7AA
Coldside,DD3 7AB
Coldside,DD3 7AH
Coldside,DD3 7AJ
Coldside,DD3 7AU
Coldside,DD3 7AW
Coldside,DD3 7BB
Coldside,DD3 7BD
Coldside,DD3 6TW
Coldside,DD3 6TX
Coldside,DD3 6UZ
Coldside,DD3 7AA
Coldside,DD3 7AJ
Coldside,DD3 7AL
Coldside,DD3 7AS
Coldside,DD3 7AT
Coldside,DD3 7BE
Coldside,DD3 7BF
Coldside,DD3 7BN
Coldside,DD3 7BN
Coldside,DD3 6UA
Coldside,DD3 6UB
Coldside,DD3 7AD
Coldside,DD3 7AE
Coldside,DD3 7AQ
Coldside,DD3 7AR
Coldside,DD3 7AX
Coldside,DD3 7AY
Coldside,DD3 7BJ
Coldside,DD3 7BL
Coldside,DD3 7BR
Coldside,DD3 7BS
Coldside,DD3 7DB
Coldside,DD3 7DD
Coldside,DD3 7DJ
Coldside,DD3 7DQ
Coldside,DD3 7BY
Maryfield,DD3 7BZ
Coldside,DD3 7DE
Coldside,DD3 7DF
Maryfield,DD3 7BP
Coldside,DD3 7BQ
Coldside,DD3 6TY
Coldside,DD3 6TZ
Coldside,DD3 7AF
Coldside,DD3 7AG
Coldside,DD3 7AN
Coldside,DD3 7AP
Coldside,DD3 7AZ
Coldside,DD3 7BA
Coldside,DD3 7BG
Coldside,DD3 7BH
Maryfield,DD3 7BT
Coldside,DD3 7BU
Coldside,DD3 7BZ
Coldside,DD3 7DA
Coldside,DD3 7DW
Coldside,DD3 7DZ
Coldside,DD3 7BW
Coldside,DD3 7BX
Coldside,DD3 7DF
Coldside,DD3 7DH
Coldside,DD3 7EA
Coldside,DD3 7EB
Coldside,DD3 7EY
Coldside,DD3 7EZ
Coldside,DD3 7HF
Coldside,DD3 7HG
Coldside,DD3 7HU
Coldside,DD3 7HW
Coldside,DD3 7JB
Coldside,DD3 7JD
Coldside,DD3 7ED
Coldside,DD3 7EJ
Coldside,DD3 7EU
Coldside,DD3 7EW
Coldside,DD3 7HJ
Coldside,DD3 7HL
Coldside,DD3 7HS
Coldside,DD3 7HT
Maryfield,DD3 7JE
Coldside,DD3 7JF
Maryfield,DD3 7JL
Coldside,DD3 7JN
Coldside,DD3 7EP
Coldside,DD3 7EQ
Coldside,DD3 7HB
Coldside,DD3 7HD
Coldside,DD3 7HQ
Coldside,DD3 7HR
Coldside,DD3 7HX
Coldside,DD3 7HY
Coldside,DD3 7JH
Coldside,DD3 7JJ
Coldside,DD3 7JQ
Coldside,DD3 7JQ
Coldside,DD3 7LH
Maryfield,DD3 7LJ
Coldside,DD3 7LR
Coldside,DD3 7LS
Coldside,DD3 7LB
Coldside,DD3 7LD
Coldside,DD3 7LL
Coldside,DD3 7LN
Coldside,DD3 7JN
Coldside,DD3 7JP
Coldside,DD3 7EJ
Coldside,DD3 7EP
Coldside,DD3 7HE
Coldside,DD3 7HE
Coldside,DD3 7HN
Coldside,DD3 7HP
Coldside,DD3 7HZ
Coldside,DD3 7JA
Coldside,DD3 7JG
Coldside,DD3 7JH
Coldside,DD3 7JR
Coldside,DD3 7JS
Coldside,DD3 7LE
Maryfield,DD3 7LG
Coldside,DD3 7LT
Coldside,DD3 7LU
Coldside,DD3 7JZ
Coldside,DD3 7LA
Coldside,DD3 7LP
Coldside,DD3 7LQ
Coldside,DD3 7LW
Coldside,DD3 7LX
Maryfield,DD3 7NH
Maryfield,DD3 7NJ
Maryfield,DD3 7NS
Maryfield,DD3 7NT
Maryfield,DD3 7PF
Maryfield,DD3 7PG
Coldside,DD3 7PP
Coldside,DD3 7PP
Coldside,DD3 7LY
Coldside,DD3 7LZ
Coldside,DD3 7NF
Maryfield,DD3 7NG
Maryfield,DD3 7NU
Maryfield,DD3 7NW
Maryfield,DD3 7PD
Maryfield,DD3 7PE
Maryfield,DD3 7PQ
Maryfield,DD3 7PR
Maryfield,DD3 7PY
Maryfield,DD3 7PY
Coldside,DD3 7ND
Coldside,DD3 7NE
Maryfield,DD3 7NN
Maryfield,DD3 7NP
Maryfield,DD3 7NZ
Maryfield,DD3 7PA
Maryfield,DD3 7PH
Maryfield,DD3 7PJ
Maryfield,DD3 7PU
Maryfield,DD3 7PW
Maryfield,DD3 7QB
Maryfield,DD3 7QD
Maryfield,DD3 7QN
Maryfield,DD3 7QP
Maryfield,DD3 7QU
Maryfield,DD3 7QW
Maryfield,DD3 7QH
Maryfield,DD3 7QJ
Maryfield,DD3 7QQ
Maryfield,DD3 7QR
Maryfield,DD3 7PZ
Maryfield,DD3 7QA
Coldside,DD3 7NA
Coldside,DD3 7NB
Maryfield,DD3 7NQ
Maryfield,DD3 7NR
Maryfield,DD3 7NX
Maryfield,DD3 7NY
Maryfield,DD3 7PL
Coldside,DD3 7PN
Maryfield,DD3 7PS
Coldside,DD3 7PT
Maryfield,DD3 7QE
Maryfield,DD3 7QF
Maryfield,DD3 7QL
Maryfield,DD3 7QN
Maryfield,DD3 7QX
Maryfield,DD3 7QX
Maryfield,DD3 7QG
Maryfield,DD3 7QG
Maryfield,DD3 7QS
Maryfield,DD3 7QT
Maryfield,DD3 7QX
Maryfield,DD3 7QY
Coldside,DD3 7RJ
Coldside,DD3 7RL
Coldside,DD3 7RR
Coldside,DD3 7RS
Coldside,DD3 7SB
Coldside,DD3 7SD
Maryfield,DD3 7SR
Maryfield,DD3 7SS
Maryfield,DD3 7QZ
Maryfield,DD3 7RA
Coldside,DD3 7RG
Coldside,DD3 7RH
Coldside,DD3 7RT
Coldside,DD3 7RT
Coldside,DD3 7RZ
Coldside,DD3 7SA
Coldside,DD3 7ST
Coldside,DD3 7SW
Coldside,DD3 7TB
Coldside,DD3 7TD
Coldside,DD3 7RE
Coldside,DD3 7RF
Coldside,DD3 7RN
Coldside,DD3 7RP
Coldside,DD3 7RX
Coldside,DD3 7RY
Coldside,DD3 7SE
Coldside,DD3 7SF
Coldside,DD3 7SZ
Coldside,DD3 7TA
Coldside,DD3 7TF
Coldside,DD3 7TG
Coldside,DD3 7TT
Coldside,DD3 7TU
Coldside,DD3 7UA
Coldside,DD3 7UB
Coldside,DD3 7TL
Coldside,DD3 7TN
Coldside,DD3 7TW
Coldside,DD3 7TX
Coldside,DD3 7TD
Coldside,DD3 7TE
Coldside,DD3 7RB
Coldside,DD3 7RD
Coldside,DD3 7RQ
Coldside,DD3 7RQ
Coldside,DD3 7RU
Coldside,DD3 7RW
Coldside,DD3 7SH
Maryfield,DD3 7SN
Coldside,DD3 7SX
Coldside,DD3 7SY
Coldside,DD3 7TH
Coldside,DD3 7TH
Coldside,DD3 7TQ
Coldside,DD3 7TS
Coldside,DD3 7UD
Coldside,DD3 7UE
Coldside,DD3 7TJ
Coldside,DD3 7TJ
Coldside,DD3 7TY
Coldside,DD3 7TZ
Coldside,DD3 7UH
Coldside,DD3 7UN
Coldside,DD3 8AL
Coldside,DD3 8AN
Coldside,DD3 8AS
Coldside,DD3 8AT
Coldside,DD3 8BE
Coldside,DD3 8BG
Coldside,DD3 8BQ
Coldside,DD3 8BR
Coldside,DD3 8AA
Coldside,DD3 8AB
Coldside,DD3 8AH
Coldside,DD3 8AJ
Coldside,DD3 8AU
Coldside,DD3 8AW
Coldside,DD3 8BB
Coldside,DD3 8BD
Coldside,DD3 8BS
Coldside,DD3 8BT
Coldside,DD3 8BU
Coldside,DD3 8DA
Coldside,DD3 8AE
Coldside,DD3 8AF
Coldside,DD3 8AG
Coldside,DD3 8AP
Coldside,DD3 8AY
Coldside,DD3 8AZ
Coldside,DD3 8BA
Coldside,DD3 8BH
Coldside,DD3 8BW
Coldside,DD3 8BX
Coldside,DD3 8BY
Coldside,DD3 8BZ
Coldside,DD3 8DR
Coldside,DD3 8DS
Coldside,DD3 8DT
Coldside,DD3 8DW
Coldside,DD3 8EP
Coldside,DD3 8EQ
Coldside,DD3 8DL
Coldside,DD3 8DN
Coldside,DD3 8DB
Coldside,DD3 8DD
Coldside,DD3 8DE
Coldside,DD3 8AD
Coldside,DD3 8AQ
Coldside,DD3 8AR
Coldside,DD3 8AR
Coldside,DD3 8AX
Coldside,DD3 8BJ
Coldside,DD3 8BL
Coldside,DD3 8BN
Coldside,DD3 8BP
Coldside,DD3 8DF
Coldside,DD3 8DG
Coldside,DD3 8DH
Coldside,DD3 8DJ
Coldside,DD3 8DY
Coldside,DD3 8EJ
Coldside,DD3 8EL
Coldside,DD3 8EN
Coldside,DD3 8DP
Coldside,DD3 8DQ
Coldside,DD3 8DZ
Coldside,DD3 8EB
Coldside,DD3 8ES
Coldside,DD3 8ET
Coldside,DD3 8EU
Coldside,DD3 8EW
Coldside,DD3 8HS
Coldside,DD3 8HT
Coldside,DD3 8HU
Coldside,DD3 8HW
Coldside,DD3 8ED
Coldside,DD3 8EE
Coldside,DD3 8EG
Coldside,DD3 8ER
Coldside,DD3 8HD
Coldside,DD3 8HE
Coldside,DD3 8HF
Coldside,DD3 8HG
Coldside,DD3 8HX
Coldside,DD3 8JG
Coldside,DD3 8JH
Coldside,DD3 8JJ
Coldside,DD3 8JX
Coldside,DD3 8JY
Coldside,DD3 8JZ
Strathmartine,DD3 8LH
Coldside,DD3 8EX
Coldside,DD3 8EY
Coldside,DD3 8EZ
Coldside,DD3 8HA
Coldside,DD3 8HR
Coldside,DD3 8HY
Coldside,DD3 8JA
Coldside,DD3 8JB
Coldside,DD3 8JR
Coldside,DD3 8JS
Coldside,DD3 8JT
Coldside,DD3 8LA
Strathmartine,DD3 8LQ
Strathmartine,DD3 8LR
Strathmartine,DD3 8LS
Strathmartine,DD3 8LT
Coldside,DD3 8JL
Coldside,DD3 8JN
Coldside,DD3 8JU
Coldside,DD3 8JW
Strathmartine,DD3 8LJ
Strathmartine,DD3 8LL
Strathmartine,DD3 8LN
Strathmartine,DD3 8LP
Coldside,DD3 8HB
Coldside,DD3 8HH
Coldside,DD3 8HL
Coldside,DD3 8HP
Coldside,DD3 8JD
Coldside,DD3 8JE
Coldside,DD3 8JP
Coldside,DD3 8JQ
Coldside,DD3 8LB
Coldside,DD3 8LD
Strathmartine,DD3 8LF
Strathmartine,DD3 8LG
Strathmartine,DD3 8LU
Strathmartine,DD3 8NB
Strathmartine,DD3 8ND
Strathmartine,DD3 8NE
Strathmartine,DD3 8NS
Strathmartine,DD3 8NT
Strathmartine,DD3 8NU
Strathmartine,DD3 8LW
Coldside,DD3 8NH
Coldside,DD3 8NJ
Coldside,DD3 8NL
Coldside,DD3 8NN
Strathmartine,DD3 8NF
Strathmartine,DD3 8NG
Strathmartine,DD3 8NQ
Coldside,DD3 8NR
Strathmartine,DD3 8LX
Strathmartine,DD3 8LY
Strathmartine,DD3 8LZ
Strathmartine,DD3 8NA
Coldside,DD3 8NP
Coldside,DD3 8NW
Strathmartine,DD3 8NX
Strathmartine,DD3 8NY
Coldside,DD3 8PN
Coldside,DD3 8PP
Strathmartine,DD3 8PQ
Coldside,DD3 8PX
Coldside,DD3 8QH
Strathmartine,DD3 8QJ
Strathmartine,DD3 8QL
Strathmartine,DD3 8QN
Strathmartine,DD3 8RB
Strathmartine,DD3 8RE
Strathmartine,DD3 8RN
Strathmartine,DD3 8RP
Strathmartine,DD3 8PD
Strathmartine,DD3 8PE
Strathmartine,DD3 8PF
Strathmartine,DD3 8PG
Coldside,DD3 8PW
Lochee,DD3 8QB
Strathmartine,DD3 8QD
Strathmartine,DD3 8QE
Strathmartine,DD3 8NZ
Strathmartine,DD3 8PA
Coldside,DD3 8PH
Strathmartine,DD3 8PJ
Coldside,DD3 8PY
Coldside,DD3 8PZ
Coldside,DD3 8QA
Lochee,DD3 8QB
Strathmartine,DD3 8QP
Strathmartine,DD3 8QX
Strathmartine,DD3 8QY
Strathmartine,DD3 8RA
Strathmartine,DD3 8RQ
Strathmartine,DD3 8RR
Strathmartine,DD3 8RS
Strathmartine,DD3 8PB
Coldside,DD3 8PR
Coldside,DD3 8PS
Coldside,DD3 8PT
Coldside,DD3 8PU
Coldside,DD3 8QF
Coldside,DD3 8QG
Coldside,DD3 8QQ
Strathmartine,DD3 8QS
Strathmartine,DD3 8RG
Strathmartine,DD3 8RH
Strathmartine,DD3 8RJ
Strathmartine,DD3 8RL
Strathmartine,DD3 8SA
Lochee,DD3 8SP
Coldside,DD3 8SS
Coldside,DD3 8TA
Strathmartine,DD3 8QT
Strathmartine,DD3 8QU
Strathmartine,DD3 8QW
Strathmartine,DD3 8RF
Strathmartine,DD3 8RU
Strathmartine,DD3 8RW
Lochee,DD3 8RX
Lochee,DD3 8RZ
Strathmartine,DD3 8TJ
Strathmartine,DD3 9AA
Strathmartine,DD3 9AH
Strathmartine,DD3 9AJ
Strathmartine,DD3 8SD
Strathmartine,DD3 8SE
Coldside,DD3 8SH
Strathmartine,DD3 8SH
Strathmartine,DD3 9AG
Strathmartine,DD3 9AQ
Strathmartine,DD3 9AR
Strathmartine,DD3 9AS
Strathmartine,DD3 9BE
Strathmartine,DD3 9BG
Strathmartine,DD3 9BH
Strathmartine,DD3 9BR
Strathmartine,DD3 9DB
Strathmartine,DD3 9DD
Strathmartine,DD3 9DE
Strathmartine,DD3 9DF
Strathmartine,DD3 9DU
Strathmartine,DD3 9EB
Strathmartine,DD3 9ED
Strathmartine,DD3 9EE
Strathmartine,DD3 9AL
Strathmartine,DD3 9AN
Strathmartine,DD3 9AP
Strathmartine,DD3 8SD
Strathmartine,DD3 9AB
Strathmartine,DD3 9AD
Strathmartine,DD3 9AE
Strathmartine,DD3 9AF
Strathmartine,DD3 9AT
Strathmartine,DD3 9AU
Strathmartine,DD3 9BB
Strathmartine,DD3 9BD
Strathmartine,DD3 9BS
Strathmartine,DD3 9BT
Strathmartine,DD3 9BU
Strathmartine,DD3 9DA
Strathmartine,DD3 9DQ
Strathmartine,DD3 9DR
Strathmartine,DD3 9DS
Strathmartine,DD3 9DT
Strathmartine,DD3 9EF
Strathmartine,DD3 9EG
Strathmartine,DD3 9AW
Strathmartine,DD3 9AX
Strathmartine,DD3 9BL
Strathmartine,DD3 9BN
Strathmartine,DD3 9BP
Strathmartine,DD3 9BQ
Strathmartine,DD3 9DG
Strathmartine,DD3 9DH
Strathmartine,DD3 9DJ
Strathmartine,DD3 9DN
Strathmartine,DD3 9AY
Strathmartine,DD3 9AZ
Strathmartine,DD3 9BA
Strathmartine,DD3 9BJ
Strathmartine,DD3 9BW
Strathmartine,DD3 9BX
Strathmartine,DD3 9BY
Strathmartine,DD3 9BZ
Strathmartine,DD3 9DP
Strathmartine,DD3 9DW
Strathmartine,DD3 9DX
Strathmartine,DD3 9DY
Strathmartine,DD3 9EL
Strathmartine,DD3 9EN
Strathmartine,DD3 9EP
Strathmartine,DD3 9EW
Strathmartine,DD3 9HG
Strathmartine,DD3 9HH
Strathmartine,DD3 9HJ
Strathmartine,DD3 9HL
Strathmartine,DD3 9EU
Strathmartine,DD3 9HA
Strathmartine,DD3 9HB
Strathmartine,DD3 9HD
Strathmartine,DD3 9HQ
Strathmartine,DD3 9HQ
Strathmartine,DD3 9HU
Strathmartine,DD3 9HW
Strathmartine,DD3 9JG
Strathmartine,DD3 9JH
Strathmartine,DD3 9JQ
Strathmartine,DD3 9JR
Strathmartine,DD3 9DZ
Strathmartine,DD3 9EA
Strathmartine,DD3 9EH
Strathmartine,DD3 9EJ
Strathmartine,DD3 9EX
Strathmartine,DD3 9EY
Strathmartine,DD3 9EZ
Strathmartine,DD3 9GZ
Strathmartine,DD3 9EQ
Strathmartine,DD3 9ER
Strathmartine,DD3 9ES
Strathmartine,DD3 9ET
Strathmartine,DD3 9HE
Strathmartine,DD3 9HF
Strathmartine,DD3 9HN
Strathmartine,DD3 9HP
Strathmartine,DD3 9HX
Strathmartine,DD3 9HY
Strathmartine,DD3 9JE
Strathmartine,DD3 9JF
Strathmartine,DD3 9JS
Strathmartine,DD3 9JT
Strathmartine,DD3 9JZ
Strathmartine,DD3 9LA
Strathmartine,DD3 9LN
Strathmartine,DD3 9LP
Strathmartine,DD3 9HR
Strathmartine,DD3 9HS
Strathmartine,DD3 9JB
Strathmartine,DD3 9JD
Strathmartine,DD3 9JJ
Strathmartine,DD3 9JL
Strathmartine,DD3 9LB
Strathmartine,DD3 9LD
Strathmartine,DD3 9LJ
Strathmartine,DD3 9LL
Strathmartine,DD3 9HT
Strathmartine,DD3 9HU
Strathmartine,DD3 9HZ
Strathmartine,DD3 9JA
Strathmartine,DD3 9JN
Strathmartine,DD3 9JP
Strathmartine,DD3 9JU
Strathmartine,DD3 9JW
Strathmartine,DD3 9LG
Strathmartine,DD3 9LH
Strathmartine,DD3 9LQ
Strathmartine,DD3 9LR
Strathmartine,DD3 9NB
Strathmartine,DD3 9ND
Strathmartine,DD3 9NJ
Strathmartine,DD3 9NL
Strathmartine,DD3 9LX
Strathmartine,DD3 9LY
Strathmartine,DD3 9NE
Strathmartine,DD3 9NF
Strathmartine,DD3 9NS
Strathmartine,DD3 9NT
Strathmartine,DD3 9NY
Strathmartine,DD3 9NY
Strathmartine,DD3 9PJ
Strathmartine,DD3 9PL
Strathmartine,DD3 9PN
Strathmartine,DD3 9PT
Strathmartine,DD3 9JX
Strathmartine,DD3 9JY
Strathmartine,DD3 9LE
Strathmartine,DD3 9LF
Strathmartine,DD3 9LS
Strathmartine,DD3 9LT
Strathmartine,DD3 9LZ
Strathmartine,DD3 9NA
Strathmartine,DD3 9NN
Strathmartine,DD3 9NP
Strathmartine,DD3 9LU
Strathmartine,DD3 9LW
Strathmartine,DD3 9NG
Strathmartine,DD3 9NH
Strathmartine,DD3 9NQ
Strathmartine,DD3 9NR
Strathmartine,DD3 9NZ
Strathmartine,DD3 9PA
Strathmartine,DD3 9PH
Strathmartine,DD3 9PJ
Strathmartine,DD3 9PU
Strathmartine,DD3 9PW
Strathmartine,DD3 9PX
Strathmartine,DD3 9QD
Strathmartine,DD3 9QR
Strathmartine,DD3 9QS
Strathmartine,DD3 9QT
Strathmartine,DD3 9QU
Strathmartine,DD3 9PB
Strathmartine,DD3 9PD
Strathmartine,DD3 9PE
Strathmartine,DD3 9PF
Strathmartine,DD3 9QE
Strathmartine,DD3 9QF
Strathmartine,DD3 9QG
Strathmartine,DD3 9QH
Strathmartine,DD3 9NU
Strathmartine,DD3 9NW
Strathmartine,DD3 9NX
Strathmartine,DD3 9NY
Strathmartine,DD3 9PG
Strathmartine,DD3 9PP
Strathmartine,DD3 9PQ
Strathmartine,DD3 9PR
Strathmartine,DD3 9QB
Strathmartine,DD3 9QJ
Strathmartine,DD3 9QL
Strathmartine,DD3 9QN
Strathmartine,DD3 9QW
Strathmartine,DD3 9QX
Strathmartine,DD3 9QY
Strathmartine,DD3 9RF
Strathmartine,DD3 9RT
Strathmartine,DD3 9RU
Strathmartine,DD3 9RW
Strathmartine,DD3 9RX
Strathmartine,DD3 9RD
Strathmartine,DD3 9RE
Strathmartine,DD3 9RN
Strathmartine,DD3 9RP
Strathmartine,DD3 9SA
Strathmartine,DD3 9SB
Strathmartine,DD3 9SD
Strathmartine,DD3 9SE
Strathmartine,DD3 9PS
Strathmartine,DD3 9PY
Strathmartine,DD3 9PZ
Strathmartine,DD3 9QA
Strathmartine,DD3 9QP
Strathmartine,DD3 9QQ
Strathmartine,DD3 9QU
Strathmartine,DD3 9QU
Strathmartine,DD3 9RG
Strathmartine,DD3 9RH
Strathmartine,DD3 9RJ
Strathmartine,DD3 9RL
Strathmartine,DD3 9RY
Strathmartine,DD3 9QZ
Strathmartine,DD3 9RA
Strathmartine,DD3 9RB
Strathmartine,DD3 9RQ
Strathmartine,DD3 9RR
Strathmartine,DD3 9RS
Strathmartine,DD3 9RZ
Strathmartine,DD3 9SZ
Strathmartine,DD3 9SZA
Strathmartine,DD3 9TA
Strathmartine,DD3 9UD
Strathmartine,DD3 9UE
North East,DD4 0AE
North East,DD4 0AF
North East,DD4 0AS
North East,DD4 0AT
North East,DD4 0AZ
North East,DD4 0BA
Strathmartine,DD3 9TB
Strathmartine,DD3 9TQ
Strathmartine,DD3 9UA
Strathmartine,DD3 9UB
North East,DD4 0AG
North East,DD4 0AH
North East,DD4 0AQ
North East,DD4 0AR
North East,DD4 0BB
North East,DD4 0BD
Strathmartine,DD3 9SF
Strathmartine,DD3 9SG
Strathmartine,DD3 9TE
Strathmartine,DD3 9TF
Strathmartine,DD3 9TG
Strathmartine,DD3 9TH
North East,DD4 0AJ
North East,DD4 0AL
North East,DD4 0AN
North East,DD4 0AP
North East,DD4 0BE
North East,DD4 0BG
North East,DD4 0BH
North East,DD4 0BJ
North East,DD4 0BZ
North East,DD4 0DA
North East,DD4 0DB
North East,DD4 0DD
North East,DD4 0BU
North East,DD4 0BW
North East,DD4 0BX
North East,DD4 0BY
Strathmartine,DD3 9SJ
Strathmartine,DD3 9SP
Strathmartine,DD3 9SZ
Strathmartine,DD3 9TD
Strathmartine,DD3 9UF
North East,DD4 0AA
North East,DD4 0AB
North East,DD4 0AD
North East,DD4 0AU
North East,DD4 0AW
North East,DD4 0AX
North East,DD4 0AY
North East,DD4 0BR
North East,DD4 0BR
North East,DD4 0BS
North East,DD4 0BT
North East,DD4 0BL
North East,DD4 0BN
North East,DD4 0BP
North East,DD4 0BQ
North East,DD4 0DE
North East,DD4 0DF
North East,DD4 0DG
North East,DD4 0DH
North East,DD4 0DY
North East,DD4 0DZ
North East,DD4 0EA
North East,DD4 0EB
North East,DD4 0ES
North East,DD4 0ET
North East,DD4 0EU
North East,DD4 0EW
North East,DD4 0DP
North East,DD4 0DQ
North East,DD4 0DR
North East,DD4 0DS
North East,DD4 0EH
North East,DD4 0EH
North East,DD4 0EJ
North East,DD4 0EL
North East,DD4 0HA
North East,DD4 0HA
North East,DD4 0HB
North East,DD4 0HD
North East,DD4 0DT
North East,DD4 0DU
North East,DD4 0DW
North East,DD4 0DX
North East,DD4 0EN
North East,DD4 0EQ
North East,DD4 0ER
North East,DD4 0HE
North East,DD4 0HF
North East,DD4 0HG
North East,DD4 0HH
North East,DD4 0HZ
North East,DD4 0JA
North East,DD4 0JB
North East,DD4 0JD
North East,DD4 0HU
North East,DD4 0HW
North East,DD4 0HX
North East,DD4 0HY
North East,DD4 0DJ
North East,DD4 0DL
North East,DD4 0DN
North East,DD4 0DP
North East,DD4 0ED
North East,DD4 0EE
North East,DD4 0EF
North East,DD4 0EG
North East,DD4 0EX
North East,DD4 0EY
North East,DD4 0EZ
North East,DD4 0FG
North East,DD4 0HQ
North East,DD4 0HR
North East,DD4 0HS
North East,DD4 0HT
North East,DD4 0HJ
North East,DD4 0HL
North East,DD4 0HN
North East,DD4 0HP
North East,DD4 0JE
North East,DD4 0JF
North East,DD4 0JG
North East,DD4 0JH
North East,DD4 0JX
North East,DD4 0JY
North East,DD4 0JZ
North East,DD4 0LA
North East,DD4 0LL
North East,DD4 0LQ
North East,DD4 0LQ
North East,DD4 0LR
North East,DD4 0JP
North East,DD4 0JP
North East,DD4 0JQ
North East,DD4 0JR
North East,DD4 0LG
North East,DD4 0LH
North East,DD4 0LJ
North East,DD4 0LL
North East,DD4 0LR
North East,DD4 0LU
North East,DD4 0LU
North East,DD4 0LW
North East,DD4 0JN
North East,DD4 0JS
North East,DD4 0JT
North East,DD4 0JU
North East,DD4 0LF
North East,DD4 0LN
North East,DD4 0LN
North East,DD4 0LP
North East,DD4 0LT
North East,DD4 0LU
North East,DD4 0LX
North East,DD4 0LX
North East,DD4 0NF
North East,DD4 0NG
North East,DD4 0NQ
North East,DD4 0NQ
North East,DD4 0NR
North East,DD4 0NA
North East,DD4 0NB
North East,DD4 0NH
North East,DD4 0NJ
North East,DD4 0LW
North East,DD4 0JH
North East,DD4 0JJ
North East,DD4 0JL
North East,DD4 0JW
North East,DD4 0LB
North East,DD4 0LD
North East,DD4 0LE
North East,DD4 0LP
North East,DD4 0LS
North East,DD4 0LS
North East,DD4 0LT
North East,DD4 0LY
North East,DD4 0LY
North East,DD4 0ND
North East,DD4 0NE
North East,DD4 0NS
North East,DD4 0NT
North East,DD4 0LZ
North East,DD4 0NA
North East,DD4 0NL
North East,DD4 0NN
North East,DD4 0NP
North East,DD4 0NW
North East,DD4 0PD
North East,DD4 0PQ
North East,DD4 0NX
North East,DD4 0NX
North East,DD4 0NY
North East,DD4 0PB
North East,DD4 0PQ
North East,DD4 0PQA
North East,DD4 0QGB
North East,DD4 0NY
North East,DD4 0NZ
North East,DD4 0PA
North East,DD4 0RW
North East,DD4 0RX
North East,DD4 0RL
North East,DD4 0RN
North East,DD4 0RR
North East,DD4 0RS
North East,DD4 0NY
North East,DD4 0QG
North East,DD4 0RP
North East,DD4 0RQ
North East,DD4 0RY
North East,DD4 0RZ
North East,DD4 0RJ
North East,DD4 0RT
North East,DD4 0RU
North East,DD4 0SA
North East,DD4 0SB
North East,DD4 0SR
North East,DD4 0ST
North East,DD4 0SU
North East,DD4 0TG
North East,DD4 0TQ
North East,DD4 0TR
North East,DD4 0TS
North East,DD4 0SD
North East,DD4 0SE
North East,DD4 0SF
North East,DD4 0SQ
North East,DD4 0TB
North East,DD4 0TD
North East,DD4 0TE
North East,DD4 0TF
North East,DD4 0TT
North East,DD4 0UA
North East,DD4 0UB
North East,DD4 0UD
North East,DD4 0UQ
North East,DD4 0SG
North East,DD4 0SH
North East,DD4 0SJ
North East,DD4 0TA
North East,DD4 0TH
North East,DD4 0TJ
North East,DD4 0TL
North East,DD4 0TX
North East,DD4 0TZ
North East,DD4 0UF
North East,DD4 0XB
North East,DD4 0XD
North East,DD4 0XE
North East,DD4 0XL
North East,DD4 0XZ
Maryfield,DD4 6AB
Maryfield,DD4 6AD
North East,DD4 0XF
North East,DD4 0UE
North East,DD4 0UL
North East,DD4 0UN
North East,DD4 0UP
North East,DD4 0SL
North East,DD4 0SW
North East,DD4 0SX
North East,DD4 0SY
North East,DD4 0TN
North East,DD4 0TP
North East,DD4 0TU
North East,DD4 0TW
North East,DD4 0UG
North East,DD4 0UH
North East,DD4 0UJ
North East,DD4 0XA
North East,DD4 0XN
North East,DD4 0XN
North East,DD4 0XP
North East,DD4 0XW
North East,DD4 0XG
North East,DD4 0XH
North East,DD4 0XJ
North East,DD4 0XQ
Maryfield,DD4 6AF
Maryfield,DD4 6AG
Maryfield,DD4 6AJ
Maryfield,DD4 6AT
Maryfield,DD4 6BD
Maryfield,DD4 6BE
Maryfield,DD4 6BE
Maryfield,DD4 6BQ
North East,DD4 0XR
North East,DD4 0XS
North East,DD4 0XU
Maryfield,DD4 6AD
Maryfield,DD4 6AT
Maryfield,DD4 6AU
Maryfield,DD4 6AU
Maryfield,DD4 6BD
Maryfield,DD4 6BR
Maryfield,DD4 6BS
Maryfield,DD4 6BU
Maryfield,DD4 6DA
Maryfield,DD4 6DP
Maryfield,DD4 6DQ
Maryfield,DD4 6DR
Maryfield,DD4 6AL
Maryfield,DD4 6AY
Maryfield,DD4 6BA
Maryfield,DD4 6BA
Maryfield,DD4 6BG
Maryfield,DD4 6BW
Maryfield,DD4 6BY
Maryfield,DD4 6BZ
Maryfield,DD4 6DG
Maryfield,DD4 6DT
Maryfield,DD4 6DU
Maryfield,DD4 6DW
Maryfield,DD4 6EE
Maryfield,DD4 6EQ
Maryfield,DD4 6EQ
Maryfield,DD4 6ER
Maryfield,DD4 6DZ
Maryfield,DD4 6DD
Maryfield,DD4 6DE
Maryfield,DD4 6DF
Maryfield,DD4 6DN
Maryfield,DD4 6AN
Maryfield,DD4 6AP
Maryfield,DD4 6AS
Maryfield,DD4 6AX
Maryfield,DD4 6BH
Maryfield,DD4 6BN
Maryfield,DD4 6BP
Maryfield,DD4 6BW
Maryfield,DD4 6DH
Maryfield,DD4 6DJ
Maryfield,DD4 6DL
Maryfield,DD4 6DR
Maryfield,DD4 6EF
Maryfield,DD4 6EG
Maryfield,DD4 6EH
Maryfield,DD4 6EQ
Maryfield,DD4 6EA
Maryfield,DD4 6EB
Maryfield,DD4 6ED
Maryfield,DD4 6EJ
Maryfield,DD4 6ET
Maryfield,DD4 6EW
Maryfield,DD4 6EX
Maryfield,DD4 6HD
Maryfield,DD4 6HS
Maryfield,DD4 6HT
Maryfield,DD4 6HT
Maryfield,DD4 6HU
Maryfield,DD4 6EL
Maryfield,DD4 6EN
Maryfield,DD4 6EP
Maryfield,DD4 6ES
Maryfield,DD4 6HE
Maryfield,DD4 6HF
Maryfield,DD4 6HG
Maryfield,DD4 6HR
Maryfield,DD4 6JB
Maryfield,DD4 6JD
Maryfield,DD4 6JE
Maryfield,DD4 6JF
Maryfield,DD4 6JS
Maryfield,DD4 6JZ
Maryfield,DD4 6LA
East End,DD4 6LB
Maryfield,DD4 6EZ
Maryfield,DD4 6HB
Maryfield,DD4 6HJ
Maryfield,DD4 6HL
Maryfield,DD4 6HY
Maryfield,DD4 6HZ
Maryfield,DD4 6JA
Maryfield,DD4 6JH
Maryfield,DD4 6JT
Maryfield,DD4 6JU
Maryfield,DD4 6JW
Maryfield,DD4 6JX
Maryfield,DD4 6LJ
Maryfield,DD4 6LL
Maryfield,DD4 6LS
Maryfield,DD4 6LT
Maryfield,DD4 6JG
Maryfield,DD4 6JP
Maryfield,DD4 6JR
Maryfield,DD4 6JR
East End,DD4 6LD
Maryfield,DD4 6LE
Maryfield,DD4 6EX
Maryfield,DD4 6EY
Maryfield,DD4 6HN
Maryfield,DD4 6HP
Maryfield,DD4 6HW
Maryfield,DD4 6HX
Maryfield,DD4 6JJ
Maryfield,DD4 6JJ
Maryfield,DD4 6JL
Maryfield,DD4 6JN
Maryfield,DD4 6JY
Maryfield,DD4 6LF
Maryfield,DD4 6LG
Maryfield,DD4 6LH
Maryfield,DD4 6LU
Maryfield,DD4 6LX
Maryfield,DD4 6ND
Maryfield,DD4 6NE
Maryfield,DD4 6LQ
Maryfield,DD4 6LR
Maryfield,DD4 6LY
Maryfield,DD4 6LZ
Maryfield,DD4 6NL
Maryfield,DD4 6NN
Maryfield,DD4 6NT
Maryfield,DD4 6NU
Maryfield,DD4 6NF
Maryfield,DD4 6NG
Maryfield,DD4 6LN
Maryfield,DD4 6LP
Maryfield,DD4 6NA
Maryfield,DD4 6NB
Maryfield,DD4 6NH
Maryfield,DD4 6NJ
Maryfield,DD4 6NW
Maryfield,DD4 6NX
Maryfield,DD4 6PE
Maryfield,DD4 6PF
Maryfield,DD4 6PQ
Maryfield,DD4 6PR
Maryfield,DD4 6QA
Maryfield,DD4 6QB
Maryfield,DD4 6QP
Maryfield,DD4 6QQ
Maryfield,DD4 6NP
Maryfield,DD4 6NQ
Maryfield,DD4 6PB
Maryfield,DD4 6PD
Maryfield,DD4 6PH
Maryfield,DD4 6PH
Maryfield,DD4 6PW
Maryfield,DD4 6PX
Maryfield,DD4 6QF
Maryfield,DD4 6QG
Maryfield,DD4 6QT
Maryfield,DD4 6QU
Maryfield,DD4 6QZ
Maryfield,DD4 6RA
Maryfield,DD4 6PG
Maryfield,DD4 6PG
Maryfield,DD4 6PN
Maryfield,DD4 6PP
Maryfield,DD4 6QD
Maryfield,DD4 6QE
Maryfield,DD4 6QL
Maryfield,DD4 6QN
Maryfield,DD4 6NR
Maryfield,DD4 6NS
Maryfield,DD4 6NY
Maryfield,DD4 6NZ
Maryfield,DD4 6PJ
Maryfield,DD4 6PL
Maryfield,DD4 6PS
Maryfield,DD4 6PT
Maryfield,DD4 6QH
Maryfield,DD4 6QJ
Maryfield,DD4 6QR
Maryfield,DD4 6QS
Maryfield,DD4 6RD
Maryfield,DD4 6RE
Maryfield,DD4 6RN
Maryfield,DD4 6RP
Maryfield,DD4 6QX
Maryfield,DD4 6QY
Maryfield,DD4 6RF
Maryfield,DD4 6RG
Maryfield,DD4 6RU
Maryfield,DD4 6RW
Maryfield,DD4 6SD
Maryfield,DD4 6SE
Maryfield,DD4 6RQ
Maryfield,DD4 6RR
Maryfield,DD4 6QU
Maryfield,DD4 6QW
Maryfield,DD4 6RH
Maryfield,DD4 6RJ
Maryfield,DD4 6RS
Maryfield,DD4 6RT
Maryfield,DD4 6SF
Maryfield,DD4 6SG
Maryfield,DD4 6SP
Maryfield,DD4 6SP
Maryfield,DD4 6SW
Maryfield,DD4 6SX
Maryfield,DD4 6TF
Maryfield,DD4 6TG
Maryfield,DD4 6TP
Maryfield,DD4 6TQ
Maryfield,DD4 6RX
Maryfield,DD4 6RY
Maryfield,DD4 6SL
Maryfield,DD4 6SN
Maryfield,DD4 6SS
Maryfield,DD4 6SS
Maryfield,DD4 6TB
Maryfield,DD4 6TE
Maryfield,DD4 6TQ
Maryfield,DD4 7AA
Maryfield,DD4 7AP
Maryfield,DD4 7AQ
Maryfield,DD4 7AU
Maryfield,DD4 7AW
Maryfield,DD4 6SQ
Maryfield,DD4 6SQ
Maryfield,DD4 6SU
Maryfield,DD4 6SU
Maryfield,DD4 6TH
Maryfield,DD4 6TJ
Maryfield,DD4 6TL
Maryfield,DD4 6TN
Maryfield,DD4 6RZ
Maryfield,DD4 6SB
Maryfield,DD4 6SH
Maryfield,DD4 6SJ
Maryfield,DD4 6SS
Maryfield,DD4 6SU
Maryfield,DD4 6SY
Maryfield,DD4 6SZ
Maryfield,DD4 7AB
Maryfield,DD4 7AD
Maryfield,DD4 7AL
Maryfield,DD4 7AN
Maryfield,DD4 7AY
Maryfield,DD4 7AZ
Maryfield,DD4 7BG
Maryfield,DD4 7BH
Maryfield,DD4 7AF
Maryfield,DD4 7AG
Maryfield,DD4 7AH
Maryfield,DD4 7AJ
Maryfield,DD4 7BA
Maryfield,DD4 7BB
Maryfield,DD4 7BD
Maryfield,DD4 7BE
Maryfield,DD4 7BJ
Maryfield,DD4 7BL
Maryfield,DD4 7BN
Maryfield,DD4 7AE
Maryfield,DD4 7AR
Maryfield,DD4 7AS
Maryfield,DD4 7AT
Maryfield,DD4 7AU
Maryfield,DD4 7BF
Maryfield,DD4 7BP
Maryfield,DD4 7BQ
Maryfield,DD4 7BR
Maryfield,DD4 7DD
Maryfield,DD4 7DE
Maryfield,DD4 7DN
Maryfield,DD4 7DP
Maryfield,DD4 7EB
Maryfield,DD4 7ED
Maryfield,DD4 7EE
Maryfield,DD4 7EF
Maryfield,DD4 7ES
Maryfield,DD4 7BT
Maryfield,DD4 7BU
Maryfield,DD4 7BW
Maryfield,DD4 7DH
Maryfield,DD4 7DJ
Maryfield,DD4 7DL
Maryfield,DD4 7DT
Maryfield,DD4 7EG
Maryfield,DD4 7EH
Maryfield,DD4 7EJ
Maryfield,DD4 7EL
East End,DD4 7BS
Maryfield,DD4 7BZ
Maryfield,DD4 7DA
Maryfield,DD4 7DB
Maryfield,DD4 7DQ
Maryfield,DD4 7DR
Maryfield,DD4 7DS
Maryfield,DD4 7EA
Maryfield,DD4 7EP
Maryfield,DD4 7EQ
Maryfield,DD4 7ER
Maryfield,DD4 7ES
Maryfield,DD4 7BX
Maryfield,DD4 7BY
Maryfield,DD4 7DF
Maryfield,DD4 7DG
Maryfield,DD4 7DU
Maryfield,DD4 7DX
Maryfield,DD4 7DY
Maryfield,DD4 7DZ
Maryfield,DD4 7EN
Maryfield,DD4 7ET
Maryfield,DD4 7EU
Maryfield,DD4 7EW
Maryfield,DD4 7HB
Maryfield,DD4 7HD
Maryfield,DD4 7HN
Maryfield,DD4 7HP
Maryfield,DD4 7JA
Maryfield,DD4 7JB
Maryfield,DD4 7JD
East End,DD4 7JE
Maryfield,DD4 7EX
East End,DD4 7GB
East End,DD4 7GZ
Maryfield,DD4 7HA
Maryfield,DD4 7HQ
Maryfield,DD4 7HR
East End,DD4 7HS
Maryfield,DD4 7HZ
Maryfield,DD4 7EY
Maryfield,DD4 7EZ
Maryfield,DD4 7FA
Maryfield,DD4 7FB
Maryfield,DD4 7HJ
Maryfield,DD4 7HL
Maryfield,DD4 7HT
Maryfield,DD4 7HU
East End,DD4 7JG
Maryfield,DD4 7JH
Maryfield,DD4 7JJ
East End,DD4 7JL
East End,DD4 7JY
East End,DD4 7LF
East End,DD4 7LG
East End,DD4 7LH
East End,DD4 7LW
East End,DD4 7LX
East End,DD4 7LY
East End,DD4 7NF
East End,DD4 7JN
East End,DD4 7JP
Maryfield,DD4 7JQ
East End,DD4 7JR
East End,DD4 7GA
Maryfield,DD4 7HE
Maryfield,DD4 7HF
Maryfield,DD4 7HH
Maryfield,DD4 7HW
Maryfield,DD4 7HX
Maryfield,DD4 7HY
Maryfield,DD4 7JF
East End,DD4 7JT
East End,DD4 7JU
East End,DD4 7JW
East End,DD4 7JX
East End,DD4 7LJ
East End,DD4 7LL
East End,DD4 7LT
East End,DD4 7LU
East End,DD4 7NG
East End,DD4 7NH
East End,DD4 7NJ
East End,DD4 7NL
East End,DD4 7JS
East End,DD4 7JZ
East End,DD4 7LA
East End,DD4 7LB
East End,DD4 7LQ
East End,DD4 7LR
East End,DD4 7LS
East End,DD4 7LZ
East End,DD4 7NN
East End,DD4 7NP
East End,DD4 7NQ
East End,DD4 7NR
East End,DD4 7LD
East End,DD4 7LE
East End,DD4 7LN
East End,DD4 7LP
East End,DD4 7NA
East End,DD4 7NB
East End,DD4 7ND
East End,DD4 7NE
East End,DD4 7NS
East End,DD4 7NZ
East End,DD4 7PA
East End,DD4 7PB
East End,DD4 7PS
East End,DD4 7PT
East End,DD4 7PU
East End,DD4 7QA
East End,DD4 7NT
East End,DD4 7NU
East End,DD4 7NW
East End,DD4 7NX
East End,DD4 7PN
East End,DD4 7PP
East End,DD4 7PW
East End,DD4 7PX
East End,DD4 7QJ
East End,DD4 7QL
East End,DD4 7QN
East End,DD4 7QU
East End,DD4 7RF
East End,DD4 7RF
East End,DD4 7RH
East End,DD4 7RW
East End,DD4 7PD
East End,DD4 7PE
East End,DD4 7PQ
East End,DD4 7PR
East End,DD4 7QB
East End,DD4 7QD
East End,DD4 7QE
East End,DD4 7QF
East End,DD4 7NY
East End,DD4 7PF
East End,DD4 7PG
East End,DD4 7PL
East End,DD4 7PY
East End,DD4 7PZ
East End,DD4 7QG
East End,DD4 7QH
East End,DD4 7QW
East End,DD4 7QX
East End,DD4 7QY
East End,DD4 7QZ
East End,DD4 7SA
East End,DD4 7SB
East End,DD4 7SH
East End,DD4 7SN
East End,DD4 7QP
East End,DD4 7QQ
East End,DD4 7QR
East End,DD4 7QS
East End,DD4 7RE
East End,DD4 7RW
East End,DD4 7RX
East End,DD4 7RY
East End,DD4 7SU
East End,DD4 7SW
East End,DD4 7SX
East End,DD4 7SY
East End,DD4 7QT
East End,DD4 7RA
East End,DD4 7RB
East End,DD4 7RD
East End,DD4 7RZ
East End,DD4 7SP
East End,DD4 7SQ
East End,DD4 7SR
East End,DD4 7TB
East End,DD4 7TD
East End,DD4 7TE
East End,DD4 7TN
East End,DD4 7TY
Maryfield,DD4 7UA
East End,DD4 7UB
East End,DD4 7UD
East End,DD4 7TF
East End,DD4 7TG
East End,DD4 7TH
East End,DD4 7TJ
East End,DD4 7UE
East End,DD4 7UF
East End,DD4 7UH
East End,DD4 7UH
East End,DD4 8AE
East End,DD4 8AL
East End,DD4 8AN
East End,DD4 8AP
East End,DD4 7SS
East End,DD4 7ST
East End,DD4 7SZ
East End,DD4 7TA
East End,DD4 7TP
East End,DD4 7TQ
East End,DD4 7TR
Maryfield,DD4 7TX
East End,DD4 7UL
East End,DD4 7UN
Maryfield,DD4 7UP
East End,DD4 7XE
East End,DD4 7TS
East End,DD4 7TT
East End,DD4 7TU
East End,DD4 7TW
Maryfield,DD4 7UJ
East End,DD4 8AA
East End,DD4 8AB
East End,DD4 8AD
East End,DD4 8AQ
East End,DD4 8AW
East End,DD4 8AX
East End,DD4 8AZ
East End,DD4 8BL
East End,DD4 8BS
East End,DD4 8BT
East End,DD4 8BU
East End,DD4 8AJ
East End,DD4 8AR
East End,DD4 8AS
East End,DD4 8AT
East End,DD4 8BA
East End,DD4 8BG
East End,DD4 8BH
East End,DD4 8BJ
East End,DD4 8BW
East End,DD4 8AF
East End,DD4 8AG
East End,DD4 8AH
East End,DD4 8AU
East End,DD4 8BB
East End,DD4 8BD
East End,DD4 8BE
East End,DD4 8BR
East End,DD4 8BX
East End,DD4 8BY
East End,DD4 8BZ
East End,DD4 8DJ
East End,DD4 8DR
East End,DD4 8DR
East End,DD4 8DS
East End,DD4 8EA
East End,DD4 8DB
East End,DD4 8DD
East End,DD4 8DD
East End,DD4 8DQ
East End,DD4 8DT
East End,DD4 8DT
East End,DD4 8DU
East End,DD4 8EE
East End,DD4 8EL
East End,DD4 8EN
East End,DD4 8EP
East End,DD4 8BF
East End,DD4 8BN
East End,DD4 8BP
East End,DD4 8BQ
East End,DD4 8DA
East End,DD4 8DF
East End,DD4 8DG
East End,DD4 8DH
East End,DD4 8DS
East End,DD4 8DX
East End,DD4 8DY
East End,DD4 8DZ
East End,DD4 8DE
East End,DD4 8DL
East End,DD4 8DN
East End,DD4 8DP
East End,DD4 8DW
East End,DD4 8EB
East End,DD4 8ED
East End,DD4 8ED
East End,DD4 8EP
East End,DD4 8EU
East End,DD4 8EW
East End,DD4 8EX
East End,DD4 8HG
East End,DD4 8HL
East End,DD4 8HN
East End,DD4 8HP
East End,DD4 8EJ
East End,DD4 8EQ
East End,DD4 8ER
East End,DD4 8ES
East End,DD4 8EY
East End,DD4 8HD
East End,DD4 8HE
East End,DD4 8HF
East End,DD4 8HQ
East End,DD4 8EF
East End,DD4 8EG
East End,DD4 8EH
East End,DD4 8ET
East End,DD4 8EZ
East End,DD4 8HA
East End,DD4 8HB
East End,DD4 8HL
East End,DD4 8HR
East End,DD4 8HS
East End,DD4 8HT
East End,DD4 8JD
East End,DD4 8JJ
East End,DD4 8JL
East End,DD4 8JN
East End,DD4 8JW
East End,DD4 8HW
East End,DD4 8HX
East End,DD4 8HY
East End,DD4 8JH
East End,DD4 8JQ
East End,DD4 8JQ
East End,DD4 8JR
East End,DD4 8JZ
East End,DD4 8LF
East End,DD4 8LG
East End,DD4 8LJ
East End,DD4 8HB
East End,DD4 8HH
East End,DD4 8HJ
East End,DD4 8HL
East End,DD4 8HU
East End,DD4 8HZ
East End,DD4 8JA
East End,DD4 8JB
East End,DD4 8JP
East End,DD4 8JT
East End,DD4 8JT
East End,DD4 8JU
East End,DD4 8HZ
East End,DD4 8JE
East End,DD4 8JF
East End,DD4 8JG
East End,DD4 8JS
East End,DD4 8JX
East End,DD4 8JX
East End,DD4 8JY
East End,DD4 8LL
East End,DD4 8LR
East End,DD4 8LS
East End,DD4 8LT
East End,DD4 8NE
East End,DD4 8NN
East End,DD4 8NP
East End,DD4 8NQ
East End,DD4 8LE
East End,DD4 8LN
East End,DD4 8LP
East End,DD4 8LQ
East End,DD4 8LU
East End,DD4 8NA
East End,DD4 8NB
East End,DD4 8ND
East End,DD4 8NR
East End,DD4 8LA
East End,DD4 8LA
East End,DD4 8LE
East End,DD4 8LQ
East End,DD4 8LW
East End,DD4 8LX
East End,DD4 8LY
East End,DD4 8NL
East End,DD4 8NS
East End,DD4 8NT
East End,DD4 8NU
East End,DD4 8PF
East End,DD4 8PN
East End,DD4 8PP
East End,DD4 8PQ
East End,DD4 8QA
East End,DD4 8NX
East End,DD4 8NY
East End,DD4 8NZ
East End,DD4 8PL
East End,DD4 8PS
East End,DD4 8PT
East End,DD4 8PU
East End,DD4 8QF
East End,DD4 8QN
East End,DD4 8QP
East End,DD4 8QQ
East End,DD4 8LZ
East End,DD4 8NF
East End,DD4 8NG
East End,DD4 8NH
East End,DD4 8NW
East End,DD4 8PB
East End,DD4 8PD
East End,DD4 8PE
East End,DD4 8PR
East End,DD4 8PX
East End,DD4 8PY
East End,DD4 8PZ
East End,DD4 8PA
East End,DD4 8PG
East End,DD4 8PH
East End,DD4 8PJ
East End,DD4 8PW
East End,DD4 8QB
East End,DD4 8QD
East End,DD4 8QE
East End,DD4 8QR
East End,DD4 8QW
East End,DD4 8QX
East End,DD4 8QY
East End,DD4 8RJ
East End,DD4 8RR
East End,DD4 8RS
East End,DD4 8RT
East End,DD4 8QL
East End,DD4 8QS
East End,DD4 8QT
East End,DD4 8QT
East End,DD4 8QZ
East End,DD4 8RF
East End,DD4 8RG
East End,DD4 8RH
East End,DD4 8RU
East End,DD4 8QG
East End,DD4 8QH
East End,DD4 8QJ
East End,DD4 8QU
East End,DD4 8RA
East End,DD4 8RB
East End,DD4 8RD
East End,DD4 8RQ
East End,DD4 8RW
East End,DD4 8RX
East End,DD4 8RY
East End,DD4 8SJ
East End,DD4 8SS
East End,DD4 8ST
East End,DD4 8SU
East End,DD4 8TF
East End,DD4 8SA
East End,DD4 8SB
East End,DD4 8SD
East End,DD4 8SR
East End,DD4 8SX
East End,DD4 8SY
East End,DD4 8SZ
East End,DD4 8TL
East End,DD4 8TS
East End,DD4 8TT
East End,DD4 8TU
East End,DD4 8RE
East End,DD4 8RL
East End,DD4 8RN
East End,DD4 8RP
East End,DD4 8RZ
East End,DD4 8SF
East End,DD4 8SG
East End,DD4 8SH
East End,DD4 8SW
East End,DD4 8TB
East End,DD4 8TD
East End,DD4 8TE
East End,DD4 8SE
East End,DD4 8SN
East End,DD4 8SP
East End,DD4 8SQ
East End,DD4 8TA
East End,DD4 8TG
East End,DD4 8TH
East End,DD4 8TJ
East End,DD4 8TW
East End,DD4 8UB
East End,DD4 8UB
East End,DD4 8UD
East End,DD4 8UR
North East,DD4 8UZ
East End,DD4 8WA
East End,DD4 8WE
East End,DD4 8TR
East End,DD4 8TX
East End,DD4 8TY
East End,DD4 8TZ
East End,DD4 8UE
East End,DD4 8UL
East End,DD4 8UN
East End,DD4 8UP
East End,DD4 8WF
East End,DD4 8TN
East End,DD4 8TP
East End,DD4 8TQ
East End,DD4 8UA
East End,DD4 8UF
North East,DD4 8UG
East End,DD4 8UH
East End,DD4 8UY
East End,DD4 8WJ
East End,DD4 8XB
The Ferry,DD4 8XD
East End,DD4 8XW
Coldside,DD4 9AE
Coldside,DD4 9AF
Coldside,DD4 9AG
Maryfield,DD4 9AU
Maryfield,DD4 9AW
Maryfield,DD4 9AX
East End,DD4 8XG
Maryfield,DD4 9AA
Maryfield,DD4 9AB
Coldside,DD4 9AD
Coldside,DD4 9AL
Maryfield,DD4 9AY
Maryfield,DD4 9AZ
Maryfield,DD4 9BA
Maryfield,DD4 9BB
East End,DD4 8UJ
East End,DD4 8UT
East End,DD4 8UW
East End,DD4 8UX
East End,DD4 8XF
East End,DD4 8XN
East End,DD4 8XP
East End,DD4 8XQ
Coldside,DD4 9AH
Coldside,DD4 9AJ
Maryfield,DD4 9AS
Maryfield,DD4 9AT
East End,DD4 8XH
East End,DD4 8XJ
East End,DD4 8XL
East End,DD4 8XZ
Coldside,DD4 9AN
Coldside,DD4 9AP
Coldside,DD4 9AQ
Maryfield,DD4 9AR
Maryfield,DD4 9BD
Maryfield,DD4 9BJ
Maryfield,DD4 9BL
Maryfield,DD4 9BN
Strathmartine,DD4 9BX
North East,DD4 9BY
North East,DD4 9BZ
North East,DD4 9DF
North East,DD4 9DS
North East,DD4 9DT
North East,DD4 9DU
Strathmartine,DD4 9DW
Maryfield,DD4 9BP
Maryfield,DD4 9BQ
North East,DD4 9BU
Maryfield,DD4 9BW
North East,DD4 9DG
North East,DD4 9DH
North East,DD4 9DJ
Strathmartine,DD4 9DL
Maryfield,DD4 9BE
Strathmartine,DD4 9BF
Maryfield,DD4 9BG
Maryfield,DD4 9BH
North East,DD4 9DA
North East,DD4 9DB
North East,DD4 9DD
North East,DD4 9DE
North East,DD4 9DX
North East,DD4 9DY
North East,DD4 9DZ
North East,DD4 9EA
North East,DD4 9ES
North East,DD4 9ET
North East,DD4 9EU
North East,DD4 9EW
North East,DD4 9EB
North East,DD4 9ED
North East,DD4 9EE
North East,DD4 9EF
North East,DD4 9EX
North East,DD4 9EY
North East,DD4 9EZ
North East,DD4 9FA
Maryfield,DD4 9BR
East End,DD4 9BS
East End,DD4 9BT
North East,DD4 9BT
Strathmartine,DD4 9DN
Strathmartine,DD4 9DP
North East,DD4 9DQ
Strathmartine,DD4 9DR
North East,DD4 9EG
North East,DD4 9EH
North East,DD4 9EJ
North East,DD4 9EL
North East,DD4 9FB
North East,DD4 9FD
North East,DD4 9FE
North East,DD4 9FF
North East,DD4 9FG
North East,DD4 9EN
North East,DD4 9EP
North East,DD4 9EQ
North East,DD4 9ER
North East,DD4 9FH
North East,DD4 9FJ
North East,DD4 9FL
North East,DD4 9FN
North East,DD4 9FP
North East,DD4 9HL
North East,DD4 9HN
North East,DD4 9HP
North East,DD4 9HQ
North East,DD4 9JA
North East,DD4 9JG
North East,DD4 9JH
North East,DD4 9JJ
North East,DD4 9HA
North East,DD4 9HB
North East,DD4 9HD
North East,DD4 9HE
North East,DD4 9HW
North East,DD4 9HX
North East,DD4 9HY
North East,DD4 9HZ
North East,DD4 9JL
North East,DD4 9FQ
North East,DD4 9FR
North East,DD4 9GA
North East,DD4 9GD
North East,DD4 9HJ
North East,DD4 9HR
North East,DD4 9HS
North East,DD4 9HT
North East,DD4 9JF
North East,DD4 9JN
North East,DD4 9JP
North East,DD4 9JQ
North East,DD4 9JZ
North East,DD4 9LF
North East,DD4 9LG
North East,DD4 9LH
North East,DD4 9LU
North East,DD4 9JR
North East,DD4 9JS
North East,DD4 9JT
North East,DD4 9LE
North East,DD4 9LL
North East,DD4 9LN
North East,DD4 9LP
North East,DD4 9HA
North East,DD4 9HF
North East,DD4 9HG
North East,DD4 9HH
North East,DD4 9HU
North East,DD4 9JB
North East,DD4 9JD
North East,DD4 9JE
North East,DD4 9JQ
North East,DD4 9JW
North East,DD4 9JX
North East,DD4 9JY
North East,DD4 9LJ
North East,DD4 9LR
North East,DD4 9LS
North East,DD4 9LT
North East,DD4 9JU
North East,DD4 9LA
North East,DD4 9LB
North East,DD4 9LD
North East,DD4 9LQ
North East,DD4 9LW
North East,DD4 9LX
North East,DD4 9LY
North East,DD4 9NJ
North East,DD4 9NR
North East,DD4 9NS
North East,DD4 9NT
North East,DD4 9PE
North East,DD4 9PL
North East,DD4 9PN
North East,DD4 9PP
North East,DD4 9LZ
North East,DD4 9NF
North East,DD4 9NG
North East,DD4 9NH
North East,DD4 9NU
North East,DD4 9PA
North East,DD4 9PB
North East,DD4 9PD
North East,DD4 9PQ
North East,DD4 9PR
North East,DD4 9NA
North East,DD4 9NB
North East,DD4 9NP
North East,DD4 9NQ
North East,DD4 9NW
North East,DD4 9NX
North East,DD4 9PH
North East,DD4 9PJ
North East,DD4 9PS
North East,DD4 9PT
North East,DD4 9QE
North East,DD4 9QF
North East,DD4 9QG
North East,DD4 9QN
North East,DD4 9QY
North East,DD4 9QZ
North East,DD4 9RA
North East,DD4 9PY
North East,DD4 9QJ
North East,DD4 9QJ
North East,DD4 9QL
North East,DD4 9QR
North East,DD4 9ND
North East,DD4 9NE
North East,DD4 9NL
North East,DD4 9NN
North East,DD4 9NY
North East,DD4 9NZ
North East,DD4 9PF
North East,DD4 9PG
North East,DD4 9PU
North East,DD4 9PW
North East,DD4 9PX
North East,DD4 9QD
North East,DD4 9QN
North East,DD4 9QP
North East,DD4 9QQ
North East,DD4 9QX
North East,DD4 9PZ
North East,DD4 9QA
North East,DD4 9QB
North East,DD4 9QH
North East,DD4 9QS
North East,DD4 9QT
North East,DD4 9QU
North East,DD4 9QW
North East,DD4 9RN
North East,DD4 9RP
Maryfield,DD4 9RQ
North East,DD4 9SA
North East,DD4 9SR
North East,DD4 9SS
North East,DD4 9ST
North East,DD4 9SU
North East,DD4 9RB
North East,DD4 9RD
Maryfield,DD4 9RE
North East,DD4 9RF
North East,DD4 9SF
North East,DD4 9SG
North East,DD4 9SH
North East,DD4 9SJ
North East,DD4 9TA
North East,DD4 9TB
Strathmartine,DD4 9TZ
Strathmartine,DD4 9TZ
North East,DD4 9SB
North East,DD4 9SD
North East,DD4 9SE
North East,DD4 9SE
North East,DD4 9SW
North East,DD4 9SX
North East,DD4 9SY
North East,DD4 9SZ
The Ferry,DD5 1AN
The Ferry,DD5 1AP
The Ferry,DD5 1AQ
The Ferry,DD5 1AR
The Ferry,DD5 1BG
The Ferry,DD5 1BJ
The Ferry,DD5 1BS
The Ferry,DD5 1BT
The Ferry,DD5 1AE
The Ferry,DD5 1AF
The Ferry,DD5 1AJ
The Ferry,DD5 1AL
North East,DD4 9RG
North East,DD4 9RH
North East,DD4 9RJ
North East,DD4 9RL
North East,DD4 9SL
North East,DD4 9SN
North East,DD4 9SP
North East,DD4 9SQ
North East,DD4 9UA
North East,DD4 9UB
Maryfield,DD4 9XA
Maryfield,DD4 9XB
The Ferry,DD5 1AT
The Ferry,DD5 1BA
The Ferry,DD5 1BB
The Ferry,DD5 1BD
The Ferry,DD5 1BU
The Ferry,DD5 1BW
The Ferry,DD5 1BX
The Ferry,DD5 1AD
The Ferry,DD5 1AU
The Ferry,DD5 1AW
The Ferry,DD5 1AX
The Ferry,DD5 1AY
The Ferry,DD5 1BQ
The Ferry,DD5 1BR
The Ferry,DD5 1BY
The Ferry,DD5 1BZ
The Ferry,DD5 1DU
The Ferry,DD5 1DW
The Ferry,DD5 1DX
The Ferry,DD5 1DY
The Ferry,DD5 1AZ
The Ferry,DD5 1BL
The Ferry,DD5 1BN
The Ferry,DD5 1BP
The Ferry,DD5 1DA
The Ferry,DD5 1DG
The Ferry,DD5 1DH
The Ferry,DD5 1DT
The Ferry,DD5 1EE
The Ferry,DD5 1EF
The Ferry,DD5 1EG
The Ferry,DD5 1EH
The Ferry,DD5 1EW
The Ferry,DD5 1EY
The Ferry,DD5 1HH
The Ferry,DD5 1HJ
The Ferry,DD5 1DN
The Ferry,DD5 1DP
The Ferry,DD5 1DQ
The Ferry,DD5 1DS
The Ferry,DD5 1ED
The Ferry,DD5 1EL
The Ferry,DD5 1EN
The Ferry,DD5 1EP
The Ferry,DD5 1HD
The Ferry,DD5 1HE
The Ferry,DD5 1HF
The Ferry,DD5 1HZ
The Ferry,DD5 1JP
The Ferry,DD5 1JQ
The Ferry,DD5 1JR
The Ferry,DD5 1JS
The Ferry,DD5 1EJ
The Ferry,DD5 1ES
The Ferry,DD5 1ET
The Ferry,DD5 1EU
The Ferry,DD5 1HL
The Ferry,DD5 1HX
The Ferry,DD5 1HY
The Ferry,DD5 1DJ
The Ferry,DD5 1DZ
The Ferry,DD5 1DZ
The Ferry,DD5 1EA
The Ferry,DD5 1EB
The Ferry,DD5 1EQ
The Ferry,DD5 1ER
The Ferry,DD5 1EZ
The Ferry,DD5 1HB
The Ferry,DD5 1JB
The Ferry,DD5 1JD
The Ferry,DD5 1JE
The Ferry,DD5 1JF
The Ferry,DD5 1JT
The Ferry,DD5 1LA
The Ferry,DD5 1LB
The Ferry,DD5 1LD
The Ferry,DD5 1LT
The Ferry,DD5 1LU
The Ferry,DD5 1LX
The Ferry,DD5 1JG
The Ferry,DD5 1JU
The Ferry,DD5 1JW
The Ferry,DD5 1JW
The Ferry,DD5 1JX
The Ferry,DD5 1LE
The Ferry,DD5 1LF
The Ferry,DD5 1LR
The Ferry,DD5 1LS
The Ferry,DD5 1JH
The Ferry,DD5 1JJ
The Ferry,DD5 1JL
The Ferry,DD5 1JN
The Ferry,DD5 1JZ
The Ferry,DD5 1LG
The Ferry,DD5 1LH
The Ferry,DD5 1LJ
The Ferry,DD5 1NA
East End,DD5 1NB
East End,DD5 1ND
The Ferry,DD5 1NL
The Ferry,DD5 1PA
The Ferry,DD5 1PD
The Ferry,DD5 1PG
The Ferry,DD5 1PH
The Ferry,DD5 1PW
The Ferry,DD5 1PX
The Ferry,DD5 1QE
The Ferry,DD5 1QF
East End,DD5 1NF
The Ferry,DD5 1NG
East End,DD5 1NH
The Ferry,DD5 1NJ
The Ferry,DD5 1NX
The Ferry,DD5 1PL
The Ferry,DD5 1PN
The Ferry,DD5 1PP
The Ferry,DD5 1LL
The Ferry,DD5 1LQ
The Ferry,DD5 1LY
The Ferry,DD5 1LZ
The Ferry,DD5 1NN
The Ferry,DD5 1NP
The Ferry,DD5 1NQ
The Ferry,DD5 1NR
The Ferry,DD5 1PJ
The Ferry,DD5 1PS
The Ferry,DD5 1PT
The Ferry,DD5 1PU
The Ferry,DD5 1QG
The Ferry,DD5 1QH
The Ferry,DD5 1QJ
East End,DD5 1NE
The Ferry,DD5 1NS
The Ferry,DD5 1NT
The Ferry,DD5 1NU
The Ferry,DD5 1NW
The Ferry,DD5 1PQ
The Ferry,DD5 1PR
The Ferry,DD5 1PY
The Ferry,DD5 1PZ
East End,DD5 1QN
East End,DD5 1QP
East End,DD5 1QQ
East End,DD5 1QR
East End,DD5 1RE
East End,DD5 1RF
East End,DD5 1RH
East End,DD5 1RJ
The Ferry,DD5 1QA
The Ferry,DD5 1QB
The Ferry,DD5 1QD
East End,DD5 1QL
East End,DD5 1QY
East End,DD5 1RA
East End,DD5 1RB
East End,DD5 1RD
The Ferry,DD5 1RX
The Ferry,DD5 2AA
The Ferry,DD5 2AR
The Ferry,DD5 2AS
East End,DD5 1QT
East End,DD5 1QU
East End,DD5 1QW
East End,DD5 1QX
The Ferry,DD5 2AN
The Ferry,DD5 2AX
The Ferry,DD5 2AY
The Ferry,DD5 2AZ
The Ferry,DD5 2BU
The Ferry,DD5 2BW
The Ferry,DD5 2BX
The Ferry,DD5 2DS
The Ferry,DD5 2EG
The Ferry,DD5 2EH
The Ferry,DD5 2EJ
The Ferry,DD5 2EL
The Ferry,DD5 2EZ
The Ferry,DD5 2HA
The Ferry,DD5 2HU
The Ferry,DD5 2HW
The Ferry,DD5 2AT
The Ferry,DD5 2AU
The Ferry,DD5 2AW
East End,DD5 1QS
The Ferry,DD5 2AB
The Ferry,DD5 2AD
The Ferry,DD5 2AG
The Ferry,DD5 2AH
The Ferry,DD5 2BA
The Ferry,DD5 2BB
The Ferry,DD5 2BR
The Ferry,DD5 2BS
The Ferry,DD5 2DU
The Ferry,DD5 2DX
The Ferry,DD5 2DY
The Ferry,DD5 2DZ
The Ferry,DD5 2EN
The Ferry,DD5 2EU
The Ferry,DD5 2EX
The Ferry,DD5 2EY
The Ferry,DD5 2HW
The Ferry,DD5 2HX
The Ferry,DD5 2HY
The Ferry,DD5 2BE
The Ferry,DD5 2BY
The Ferry,DD5 2BZ
The Ferry,DD5 2DA
The Ferry,DD5 2DG
The Ferry,DD5 2EE
The Ferry,DD5 2EF
The Ferry,DD5 2EP
The Ferry,DD5 2EQ
The Ferry,DD5 2BG
The Ferry,DD5 2BH
The Ferry,DD5 2BJ
The Ferry,DD5 2BP
The Ferry,DD5 2DN
The Ferry,DD5 2EA
The Ferry,DD5 2EB
The Ferry,DD5 2ED
The Ferry,DD5 2ER
The Ferry,DD5 2ES
The Ferry,DD5 2ET
The Ferry,DD5 2HB
The Ferry,DD5 2HZ
The Ferry,DD5 2JA
The Ferry,DD5 2JB
The Ferry,DD5 2JD
The Ferry,DD5 2JR
The Ferry,DD5 2JS
The Ferry,DD5 2JZ
The Ferry,DD5 2LD
The Ferry,DD5 2JG
The Ferry,DD5 2JH
The Ferry,DD5 2JJ
The Ferry,DD5 2JL
The Ferry,DD5 2JY
The Ferry,DD5 2LH
The Ferry,DD5 2LJ
The Ferry,DD5 2LL
The Ferry,DD5 2LY
The Ferry,DD5 2LZ
The Ferry,DD5 2NA
The Ferry,DD5 2NH
The Ferry,DD5 2HG
The Ferry,DD5 2HN
The Ferry,DD5 2HQ
The Ferry,DD5 2HT
The Ferry,DD5 2JE
The Ferry,DD5 2JN
The Ferry,DD5 2JP
The Ferry,DD5 2JQ
The Ferry,DD5 2LE
The Ferry,DD5 2LF
The Ferry,DD5 2LG
The Ferry,DD5 2JF
The Ferry,DD5 2JT
The Ferry,DD5 2JU
The Ferry,DD5 2JW
The Ferry,DD5 2JX
The Ferry,DD5 2LN
The Ferry,DD5 2LP
The Ferry,DD5 2LW
The Ferry,DD5 2LX
The Ferry,DD5 2NJ
The Ferry,DD5 2NL
The Ferry,DD5 2NN
The Ferry,DD5 2NP
The Ferry,DD5 2PA
The Ferry,DD5 2PH
The Ferry,DD5 2PJ
The Ferry,DD5 2PL
The Ferry,DD5 2PY
The Ferry,DD5 2PZ
The Ferry,DD5 2QA
The Ferry,DD5 2LQ
The Ferry,DD5 2NW
The Ferry,DD5 2NX
The Ferry,DD5 2NY
The Ferry,DD5 2NZ
The Ferry,DD5 2PN
The Ferry,DD5 2PQ
The Ferry,DD5 2PX
The Ferry,DD5 2PX
The Ferry,DD5 2LR
The Ferry,DD5 2LS
The Ferry,DD5 2LT
The Ferry,DD5 2LU
The Ferry,DD5 2NG
The Ferry,DD5 2NQ
The Ferry,DD5 2NR
The Ferry,DD5 2NS
The Ferry,DD5 2PE
The Ferry,DD5 2PF
The Ferry,DD5 2PG
The Ferry,DD5 2PR
The Ferry,DD5 2QB
The Ferry,DD5 2QD
The Ferry,DD5 2QE
The Ferry,DD5 2QF
The Ferry,DD5 2QU
The Ferry,DD5 2QW
The Ferry,DD5 2RD
The Ferry,DD5 2RE
The Ferry,DD5 2QJ
The Ferry,DD5 2QL
The Ferry,DD5 2QP
The Ferry,DD5 2QQ
The Ferry,DD5 2NB
The Ferry,DD5 2ND
The Ferry,DD5 2NE
The Ferry,DD5 2NF
The Ferry,DD5 2NT
The Ferry,DD5 2NU
The Ferry,DD5 2PB
The Ferry,DD5 2PD
The Ferry,DD5 2PS
The Ferry,DD5 2PT
The Ferry,DD5 2PU
The Ferry,DD5 2PW
The Ferry,DD5 2QG
The Ferry,DD5 2QR
The Ferry,DD5 2QS
The Ferry,DD5 2QT
The Ferry,DD5 2RG
The Ferry,DD5 2RH
The Ferry,DD5 2RJ
The Ferry,DD5 2QH
The Ferry,DD5 2QX
The Ferry,DD5 2QY
The Ferry,DD5 2QZ
The Ferry,DD5 2RA
The Ferry,DD5 2RQ
The Ferry,DD5 2RR
The Ferry,DD5 2RZ
The Ferry,DD5 2SA
The Ferry,DD5 2SP
The Ferry,DD5 2SQ
The Ferry,DD5 2SR
The Ferry,DD5 2SS
The Ferry,DD5 2RB
The Ferry,DD5 2RL
The Ferry,DD5 2RN
The Ferry,DD5 2RP
The Ferry,DD5 2SB
The Ferry,DD5 2SD
The Ferry,DD5 2SE
The Ferry,DD5 2SN
The Ferry,DD5 2SZ
The Ferry,DD5 2TA
The Ferry,DD5 2TB
The Ferry,DD5 2TD
The Ferry,DD5 2TY
The Ferry,DD5 2TZ
The Ferry,DD5 2UG
The Ferry,DD5 2UQ
The Ferry,DD5 2RU
The Ferry,DD5 2RW
The Ferry,DD5 2RX
The Ferry,DD5 2RY
The Ferry,DD5 2SL
The Ferry,DD5 2ST
The Ferry,DD5 2SU
The Ferry,DD5 2SW
The Ferry,DD5 2TN
The Ferry,DD5 2TS
The Ferry,DD5 2TT
The Ferry,DD5 2UA
The Ferry,DD5 3AB
The Ferry,DD5 3AD
The Ferry,DD5 3AF
The Ferry,DD5 3AG
The Ferry,DD5 2TD
The Ferry,DD5 2TU
The Ferry,DD5 2TW
The Ferry,DD5 2TX
The Ferry,DD5 2XA
The Ferry,DD5 2XA
The Ferry,DD5 3AA
The Ferry,DD5 2RT
The Ferry,DD5 2SF
The Ferry,DD5 2SG
The Ferry,DD5 2SH
The Ferry,DD5 2SJ
The Ferry,DD5 2SX
The Ferry,DD5 2SY
The Ferry,DD5 2TE
The Ferry,DD5 2TF
The Ferry,DD5 2UB
The Ferry,DD5 2UD
The Ferry,DD5 2UE
The Ferry,DD5 2UF
The Ferry,DD5 3AH
The Ferry,DD5 3AR
The Ferry,DD5 3AS
The Ferry,DD5 3AT
The Ferry,DD5 3BG
The Ferry,DD5 3BH
The Ferry,DD5 3BJ
The Ferry,DD5 3AJ
The Ferry,DD5 3AX
The Ferry,DD5 3AY
The Ferry,DD5 3AZ
The Ferry,DD5 3BA
The Ferry,DD5 3AU
The Ferry,DD5 3AW
The Ferry,DD5 3BD
The Ferry,DD5 3BF
The Ferry,DD5 3AL
The Ferry,DD5 3AN
The Ferry,DD5 3AP
The Ferry,DD5 3AQ
The Ferry,DD5 3BB
The Ferry,DD5 3BL
The Ferry,DD5 3BN
The Ferry,DD5 3BP
The Ferry,DD5 3DD
The Ferry,DD5 3DE
The Ferry,DD5 3DN
The Ferry,DD5 3DP
The Ferry,DD5 3EA
The Ferry,DD5 3EB
The Ferry,DD5 3ED
The Ferry,DD5 3EE
The Ferry,DD5 3ES
The Ferry,DD5 3EZ
North East,DD5 3FP
The Ferry,DD5 3BX
The Ferry,DD5 3BY
The Ferry,DD5 3DF
The Ferry,DD5 3DG
The Ferry,DD5 3DU
The Ferry,DD5 3DW
The Ferry,DD5 3DX
The Ferry,DD5 3DY
The Ferry,DD5 3BQ
The Ferry,DD5 3BS
The Ferry,DD5 3BZ
The Ferry,DD5 3DA
The Ferry,DD5 3DB
The Ferry,DD5 3DQ
The Ferry,DD5 3DR
The Ferry,DD5 3DS
The Ferry,DD5 3DZ
The Ferry,DD5 3EN
The Ferry,DD5 3EP
The Ferry,DD5 3EQ
The Ferry,DD5 3ER
The Ferry,DD5 3GA
The Ferry,DD5 3BT
The Ferry,DD5 3BU
The Ferry,DD5 3BW
The Ferry,DD5 3DH
The Ferry,DD5 3DJ
The Ferry,DD5 3DL
The Ferry,DD5 3DT
The Ferry,DD5 3EF
The Ferry,DD5 3EG
The Ferry,DD5 3EH
The Ferry,DD5 3EJ
The Ferry,DD5 3EX
The Ferry,DD5 3EY
The Ferry,DD5 3GB
The Ferry,DD5 3GB
The Ferry,DD5 3GB
The Ferry,DD5 3GQ
The Ferry,DD5 3GR
The Ferry,DD5 3HF
The Ferry,DD5 3HG
The Ferry,DD5 3HH
The Ferry,DD5 3EL
The Ferry,DD5 3ET
The Ferry,DD5 3EU
The Ferry,DD5 3EW
The Ferry,DD5 3GD
The Ferry,DD5 3GE
The Ferry,DD5 3GL
The Ferry,DD5 3GN
The Ferry,DD5 3GP
The Ferry,DD5 3HJ
The Ferry,DD5 3HL
The Ferry,DD5 3GE
The Ferry,DD5 3GF
The Ferry,DD5 3GG
The Ferry,DD5 3HD
The Ferry,DD5 3HE
The Ferry,DD5 3HN
The Ferry,DD5 3HP
The Ferry,DD5 3JA
The Ferry,DD5 3JB
The Ferry,DD5 3JD
The Ferry,DD5 3JE
The Ferry,DD5 3JS
The Ferry,DD5 3LB
The Ferry,DD5 3LD
The Ferry,DD5 3LR
The Ferry,DD5 3LS
The Ferry,DD5 3LZ
The Ferry,DD5 3HU
The Ferry,DD5 3HW
The Ferry,DD5 3HX
The Ferry,DD5 3HY
The Ferry,DD5 3GH
The Ferry,DD5 3HA
The Ferry,DD5 3HB
The Ferry,DD5 3HQ
The Ferry,DD5 3HR
The Ferry,DD5 3HS
The Ferry,DD5 3HZ
The Ferry,DD5 3JN
The Ferry,DD5 3JP
The Ferry,DD5 3JQ
The Ferry,DD5 3JR
The Ferry,DD5 3LE
The Ferry,DD5 3LN
The Ferry,DD5 3LP
The Ferry,DD5 3LQ
The Ferry,DD5 3NB
The Ferry,DD5 3ND
The Ferry,DD5 3NE
The Ferry,DD5 3HT
The Ferry,DD5 3JF
The Ferry,DD5 3JG
The Ferry,DD5 3JH
The Ferry,DD5 3JJ
The Ferry,DD5 3JX
The Ferry,DD5 3JY
The Ferry,DD5 3LF
The Ferry,DD5 3LG
The Ferry,DD5 3LU
The Ferry,DD5 3LW
The Ferry,DD5 3LX
The Ferry,DD5 3LY
The Ferry,DD5 3JL
The Ferry,DD5 3JT
The Ferry,DD5 3JU
The Ferry,DD5 3JW
The Ferry,DD5 3LH
The Ferry,DD5 3LJ
The Ferry,DD5 3LL
The Ferry,DD5 3LT
The Ferry,DD5 3NF
The Ferry,DD5 3NG
The Ferry,DD5 3NH
The Ferry,DD5 3NJ
The Ferry,DD5 3NP
The Ferry,DD5 3NU
North East,DD5 3NW
The Ferry,DD5 3NX
The Ferry,DD5 3QX
The Ferry,DD5 3RS
The Ferry,DD5 3RT
The Ferry,DD5 3RU
The Ferry,DD5 3RW
The Ferry,DD5 3NQ
The Ferry,DD5 3NR
The Ferry,DD5 3NN
The Ferry,DD5 3NN
The Ferry,DD5 3NNA
The Ferry,DD5 3QY
The Ferry,DD5 3RW
The Ferry,DD5 3RP
The Ferry,DD5 3RR
The Ferry,DD5 3QY
The Ferry,DD5 3QZ
The Ferry,DD5 3RA
The Ferry,DD5 3RS
The Ferry,DD5 3RX
The Ferry,DD5 3RY
The Ferry,DD5 3SA
The Ferry,DD5 3SP
The Ferry,DD5 3SQ
The Ferry,DD5 3SR
The Ferry,DD5 3SZ
The Ferry,DD5 3SE
The Ferry,DD5 3SF
The Ferry,DD5 3SG
The Ferry,DD5 3SH
The Ferry,DD5 3SX
The Ferry,DD5 3SY
The Ferry,DD5 3TF
The Ferry,DD5 3TG
The Ferry,DD5 3TH
The Ferry,DD5 3TR
The Ferry,DD5 3TS
The Ferry,DD5 3TZ
The Ferry,DD5 3UB
The Ferry,DD5 3US
The Ferry,DD5 3UT
The Ferry,DD5 3WG
The Ferry,DD5 3WH
The Ferry,DD5 3WJ
The Ferry,DD5 3SB
The Ferry,DD5 3SD
The Ferry,DD5 3SL
The Ferry,DD5 3SN
The Ferry,DD5 3TA
The Ferry,DD5 3TB
The Ferry,DD5 3TD
The Ferry,DD5 3TE
The Ferry,DD5 3SJ
The Ferry,DD5 3ST
The Ferry,DD5 3SU
The Ferry,DD5 3SW
The Ferry,DD5 3TJ
The Ferry,DD5 3TL
The Ferry,DD5 3TN
The Ferry,DD5 3TQ
The Ferry,DD5 3UP
The Ferry,DD5 3WL
The Ferry,DD5 3WN
The Ferry,DD5 3XE
The Ferry,DD5 3XG
The Ferry,DD5 3XH
The Ferry,DD5 3TX
The Ferry,DD5 3TY
The Ferry,DD5 3XJ
The Ferry,DD5 3TT
The Ferry,DD5 3TU
The Ferry,DD5 3TW
The Ferry,DD5 3UJ
The Ferry,DD5 3UL
The Ferry,DD5 3UN
The Ferry,DD5 3UU
The Ferry,DD5 3XA
The Ferry,DD5 3XB
The Ferry,DD5 3XD
The Ferry,DD5 4HU
The Ferry,DD5 4HTB
The Ferry,DD5 4HTB
The Ferry,DD5 4QDB
The Ferry,DD5 4QDB
